Date,CustomerID,Product,Quantity,UnitPrice,PaymentMethod,OrderStatus,ItemsInCart,CouponCode,ReferralSource,TotalPrice
2023-01-04,C72649,Monitor,5,570.62,Debit Card,Shipped,7,SAVE10,Instagram,2853.1
2024-08-23,C75739,Phone,2,151.35,Online,Shipped,3,SAVE10,Referral,302.7
2024-02-27,C81728,Tablet,5,550.68,Credit Card,Cancelled,8,FREESHIP,Email,2753.4
2023-10-15,C33540,Chair,1,273.19,Debit Card,Returned,5,SAVE10,Facebook,273.19
2025-05-08,C81840,Printer,4,626.01,Online,Delivered,8,SAVE10,Email,2504.04
2023-10-23,C37249,Phone,2,245.86,Credit Card,Shipped,4,SAVE10,Instagram,491.72
2025-06-17,C83492,Laptop,1,664.42,Gift Card,Returned,6,SAVE10,Facebook,664.42
2023-05-12,C41460,Monitor,5,149.55,Cash,Shipped,9,FREESHIP,Facebook,747.75
2025-04-02,C26817,Phone,2,134.28,Gift Card,Cancelled,2,Not Used,Email,268.56
2023-11-21,C31946,Desk,4,509.38,Credit Card,Shipped,6,SAVE10,Google,2037.52
2023-12-29,C43443,Tablet,5,625.97,Credit Card,Returned,9,WINTER15,Instagram,3129.85
2024-02-17,C93861,Monitor,3,49.14,Online,Returned,7,SAVE10,Email,147.42
2024-10-15,C38785,Monitor,2,180.5,Debit Card,Pending,6,FREESHIP,Referral,361.0
2023-08-30,C88348,Laptop,3,201.49,Credit Card,Returned,4,FREESHIP,Facebook,604.47
2023-03-27,C98474,Tablet,2,393.33,Debit Card,Pending,3,SAVE10,Instagram,786.66
2023-07-17,C39416,Printer,1,473.96,Cash,Delivered,3,Not Used,Google,473.96
2023-01-24,C28976,Printer,2,533.81,Credit Card,Pending,3,FREESHIP,Email,1067.62
2024-03-02,C60672,Tablet,1,423.4,Debit Card,Shipped,3,Not Used,Referral,423.4
2025-03-26,C84329,Desk,1,431.44,Gift Card,Pending,3,SAVE10,Facebook,431.44
2023-01-23,C14552,Monitor,5,224.0,Cash,Returned,9,SAVE10,Google,1120.0
2023-05-08,C54829,Chair,5,62.51,Cash,Pending,9,WINTER15,Instagram,312.55
2024-11-17,C99023,Monitor,4,342.95,Cash,Delivered,6,Not Used,Google,1371.8
2023-01-29,C34416,Monitor,2,49.62,Online,Pending,2,SAVE10,Google,99.24
2025-04-09,C42372,Phone,4,273.25,Debit Card,Cancelled,5,FREESHIP,Referral,1093.0
2024-10-30,C17470,Laptop,2,230.95,Online,Delivered,3,WINTER15,Referral,461.9
2024-07-24,C42577,Monitor,1,399.98,Debit Card,Delivered,3,WINTER15,Email,399.98
2024-03-06,C21944,Laptop,5,59.55,Online,Delivered,6,Not Used,Referral,297.75
2024-02-22,C97593,Printer,1,472.74,Online,Shipped,6,WINTER15,Google,472.74
2023-11-21,C59823,Phone,4,160.07,Online,Pending,5,Not Used,Email,640.28
2024-09-20,C33260,Desk,3,423.53,Credit Card,Delivered,6,SAVE10,Referral,1270.59
2025-03-22,C44267,Monitor,2,426.7,Online,Pending,5,SAVE10,Referral,853.4
2023-06-30,C26445,Chair,3,500.08,Debit Card,Returned,6,Not Used,Facebook,1500.24
2023-05-01,C12388,Tablet,5,536.72,Cash,Delivered,10,Not Used,Email,2683.6
2023-06-05,C52184,Chair,1,162.77,Online,Cancelled,4,WINTER15,Facebook,162.77
2023-01-07,C67195,Chair,4,576.52,Credit Card,Pending,5,WINTER15,Facebook,2306.08
2024-12-07,C50304,Monitor,2,465.15,Online,Shipped,2,SAVE10,Facebook,930.3
2025-05-08,C59337,Laptop,2,534.43,Debit Card,Pending,5,Not Used,Facebook,1068.86
2024-10-14,C10054,Laptop,2,76.74,Cash,Returned,7,SAVE10,Instagram,153.48
2024-12-19,C15924,Laptop,1,245.89,Debit Card,Delivered,3,SAVE10,Google,245.89
2025-02-27,C96664,Printer,3,256.46,Credit Card,Delivered,4,SAVE10,Referral,769.38
2023-08-20,C84766,Desk,2,344.02,Online,Delivered,4,FREESHIP,Instagram,688.04
2023-12-05,C20212,Monitor,3,611.45,Gift Card,Pending,4,FREESHIP,Instagram,1834.35
2024-05-06,C28712,Printer,2,151.66,Cash,Cancelled,6,Not Used,Instagram,303.32
2023-12-14,C60572,Chair,3,499.21,Online,Cancelled,8,Not Used,Instagram,1497.63
2025-04-21,C73225,Phone,2,550.18,Gift Card,Returned,3,FREESHIP,Referral,1100.36
2024-02-10,C17388,Chair,1,317.25,Debit Card,Returned,1,SAVE10,Facebook,317.25
2024-06-26,C43212,Monitor,4,550.14,Debit Card,Pending,4,FREESHIP,Instagram,2200.56
2023-07-19,C38134,Desk,2,209.94,Credit Card,Returned,3,FREESHIP,Email,419.88
2023-08-26,C12408,Monitor,2,80.77,Debit Card,Shipped,4,Not Used,Google,161.54
2023-10-07,C11985,Printer,1,30.44,Credit Card,Shipped,1,SAVE10,Email,30.44
2023-07-31,C96494,Tablet,1,179.22,Online,Cancelled,6,FREESHIP,Instagram,179.22
2024-12-30,C36778,Tablet,1,388.33,Cash,Returned,2,SAVE10,Facebook,388.33
2024-09-08,C30513,Tablet,1,586.44,Online,Returned,5,SAVE10,Facebook,586.44
2024-05-18,C67551,Phone,4,488.78,Online,Returned,5,FREESHIP,Google,1955.12
2025-03-27,C48120,Chair,1,280.25,Online,Pending,5,WINTER15,Email,280.25
2025-06-24,C95984,Printer,3,344.4,Online,Cancelled,3,Not Used,Facebook,1033.2
2023-05-21,C54298,Tablet,3,479.21,Cash,Cancelled,5,WINTER15,Referral,1437.63
2023-01-22,C88036,Printer,5,314.27,Cash,Returned,6,SAVE10,Instagram,1571.35
2023-01-15,C60190,Phone,4,474.69,Gift Card,Cancelled,6,SAVE10,Google,1898.76
2024-09-11,C97603,Chair,4,593.27,Online,Shipped,5,Not Used,Facebook,2373.08
2024-08-21,C39256,Desk,1,417.1,Debit Card,Returned,3,FREESHIP,Referral,417.1
2024-03-24,C61618,Desk,4,122.2,Cash,Delivered,7,FREESHIP,Facebook,488.8
2023-08-22,C36497,Desk,2,43.15,Debit Card,Pending,3,WINTER15,Email,86.3
2025-02-02,C96695,Chair,1,564.86,Debit Card,Shipped,6,WINTER15,Referral,564.86
2025-06-25,C49720,Printer,3,130.61,Debit Card,Cancelled,4,FREESHIP,Facebook,391.83
2023-12-30,C97735,Monitor,5,81.7,Credit Card,Delivered,6,Not Used,Instagram,408.5
2024-11-15,C18104,Chair,5,127.18,Cash,Cancelled,9,SAVE10,Referral,635.9
2024-12-09,C25587,Printer,4,12.1,Debit Card,Cancelled,8,Not Used,Google,48.4
2023-12-11,C41598,Chair,3,490.92,Credit Card,Pending,5,FREESHIP,Email,1472.76
2023-05-11,C43338,Monitor,3,478.65,Online,Shipped,4,Not Used,Referral,1435.95
2023-05-26,C25123,Desk,1,629.21,Gift Card,Pending,2,FREESHIP,Instagram,629.21
2025-06-10,C37454,Monitor,3,434.45,Credit Card,Pending,4,Not Used,Referral,1303.35
2024-12-22,C19451,Tablet,4,589.44,Gift Card,Returned,5,Not Used,Facebook,2357.76
2023-05-03,C17269,Monitor,4,433.45,Gift Card,Cancelled,4,Not Used,Facebook,1733.8
2023-06-24,C25382,Phone,5,90.87,Cash,Pending,5,Not Used,Instagram,454.35
2023-09-26,C80651,Tablet,3,398.17,Debit Card,Delivered,5,SAVE10,Email,1194.51
2024-03-31,C58638,Laptop,4,382.88,Cash,Cancelled,6,WINTER15,Email,1531.52
2024-05-24,C50121,Phone,1,583.18,Credit Card,Returned,5,Not Used,Google,583.18
2024-08-06,C32029,Printer,4,175.36,Debit Card,Delivered,4,FREESHIP,Instagram,701.44
2025-03-10,C76700,Tablet,2,311.91,Online,Shipped,2,Not Used,Facebook,623.82
2023-06-27,C29041,Phone,3,589.56,Online,Returned,6,Not Used,Facebook,1768.68
2023-06-08,C29314,Monitor,2,394.3,Cash,Shipped,6,FREESHIP,Email,788.6
2024-01-05,C65799,Tablet,4,565.2,Debit Card,Shipped,9,SAVE10,Google,2260.8
2023-08-22,C15681,Laptop,4,540.41,Credit Card,Cancelled,6,Not Used,Referral,2161.64
2023-08-28,C64160,Monitor,2,165.49,Online,Shipped,4,WINTER15,Instagram,330.98
2024-09-09,C14553,Tablet,3,146.73,Cash,Delivered,8,FREESHIP,Email,440.19
2024-06-19,C88205,Printer,5,643.03,Online,Cancelled,5,FREESHIP,Referral,3215.15
2024-10-10,C91245,Tablet,3,225.11,Cash,Shipped,4,SAVE10,Facebook,675.33
2025-06-05,C75439,Desk,3,114.81,Gift Card,Cancelled,7,Not Used,Google,344.43
2025-02-25,C17181,Printer,5,455.33,Credit Card,Cancelled,8,FREESHIP,Google,2276.65
2023-09-18,C36540,Chair,4,182.08,Gift Card,Delivered,4,SAVE10,Email,728.32
2023-03-15,C98216,Laptop,5,492.75,Cash,Shipped,6,WINTER15,Referral,2463.75
2024-06-10,C29568,Printer,4,48.61,Online,Shipped,7,FREESHIP,Facebook,194.44
2023-01-14,C97262,Desk,4,431.01,Credit Card,Returned,7,Not Used,Referral,1724.04
2023-02-11,C79821,Chair,1,531.18,Gift Card,Returned,6,WINTER15,Instagram,531.18
2023-03-24,C76761,Printer,4,117.51,Debit Card,Returned,7,Not Used,Referral,470.04
2024-06-01,C93007,Phone,2,232.83,Gift Card,Delivered,7,Not Used,Instagram,465.66
2025-01-21,C15624,Tablet,5,619.52,Debit Card,Pending,9,Not Used,Email,3097.6
2023-01-14,C70921,Printer,2,228.54,Debit Card,Pending,3,Not Used,Email,457.08
2025-04-12,C30477,Printer,1,201.58,Debit Card,Cancelled,2,WINTER15,Email,201.58
2023-02-17,C74866,Phone,3,664.79,Online,Delivered,6,Not Used,Facebook,1994.37
2023-11-25,C15283,Printer,1,381.02,Cash,Shipped,6,Not Used,Google,381.02
2023-03-08,C18037,Laptop,2,70.34,Gift Card,Cancelled,3,FREESHIP,Email,140.68
2025-01-25,C62656,Phone,4,218.43,Credit Card,Cancelled,9,SAVE10,Email,873.72
2024-07-30,C65744,Phone,1,582.04,Gift Card,Delivered,1,FREESHIP,Email,582.04
2024-10-24,C72290,Printer,3,185.4,Gift Card,Cancelled,7,Not Used,Facebook,556.2
2023-09-08,C73514,Desk,3,465.05,Credit Card,Cancelled,3,SAVE10,Email,1395.15
2023-03-27,C16775,Printer,5,670.75,Gift Card,Shipped,8,FREESHIP,Instagram,3353.75
2024-12-28,C33099,Laptop,5,48.38,Gift Card,Delivered,9,WINTER15,Email,241.9
2023-09-17,C51157,Desk,3,592.87,Gift Card,Shipped,3,FREESHIP,Referral,1778.61
2024-04-21,C74562,Tablet,1,220.77,Gift Card,Pending,5,FREESHIP,Instagram,220.77
2025-05-07,C95271,Desk,3,309.22,Online,Cancelled,7,FREESHIP,Google,927.66
2023-01-01,C81366,Monitor,1,410.6,Online,Cancelled,2,WINTER15,Referral,410.6
2024-01-17,C65905,Laptop,5,190.08,Cash,Shipped,9,FREESHIP,Instagram,950.4
2025-01-27,C77272,Monitor,5,498.48,Online,Pending,8,SAVE10,Google,2492.4
2023-11-27,C32580,Phone,5,374.99,Online,Shipped,9,SAVE10,Facebook,1874.95
2023-03-19,C47761,Printer,4,291.35,Credit Card,Cancelled,6,WINTER15,Facebook,1165.4
2023-03-08,C49187,Tablet,1,535.5,Gift Card,Cancelled,5,WINTER15,Referral,535.5
2023-10-09,C27898,Printer,5,502.71,Gift Card,Shipped,7,FREESHIP,Google,2513.55
2025-06-11,C14683,Desk,2,534.67,Debit Card,Shipped,7,FREESHIP,Referral,1069.34
2023-04-11,C58108,Tablet,4,629.34,Cash,Cancelled,4,WINTER15,Instagram,2517.36
2023-11-30,C89822,Desk,1,410.78,Cash,Cancelled,1,FREESHIP,Instagram,410.78
2024-04-15,C96787,Laptop,2,533.02,Gift Card,Shipped,2,Not Used,Facebook,1066.04
2023-07-06,C86064,Desk,3,278.04,Online,Delivered,5,Not Used,Instagram,834.12
2024-07-28,C97148,Printer,4,283.79,Online,Pending,8,Not Used,Google,1135.16
2024-11-06,C91099,Phone,2,512.65,Credit Card,Shipped,5,SAVE10,Email,1025.3
2025-05-03,C55606,Desk,4,275.5,Gift Card,Shipped,8,FREESHIP,Google,1102.0
2023-08-10,C71486,Desk,3,469.32,Debit Card,Shipped,3,Not Used,Google,1407.96
2023-02-17,C86408,Tablet,4,21.07,Gift Card,Delivered,4,FREESHIP,Google,84.28
2023-10-27,C52751,Laptop,4,263.93,Debit Card,Shipped,4,FREESHIP,Facebook,1055.72
2025-01-22,C29059,Desk,3,501.3,Online,Cancelled,3,WINTER15,Facebook,1503.9
2023-01-08,C72862,Tablet,1,84.8,Gift Card,Pending,5,Not Used,Instagram,84.8
2023-03-28,C96257,Tablet,4,450.75,Credit Card,Shipped,6,WINTER15,Email,1803.0
2025-06-20,C87432,Chair,4,302.05,Debit Card,Cancelled,6,SAVE10,Google,1208.2
2025-06-23,C16253,Laptop,2,199.7,Cash,Pending,4,Not Used,Email,399.4
2023-08-04,C79909,Printer,2,68.81,Gift Card,Shipped,5,SAVE10,Referral,137.62
2024-04-27,C73370,Laptop,1,44.35,Gift Card,Cancelled,1,SAVE10,Instagram,44.35
2024-11-26,C50682,Monitor,2,250.98,Credit Card,Delivered,5,Not Used,Google,501.96
2023-12-21,C21905,Tablet,1,298.06,Debit Card,Pending,3,WINTER15,Google,298.06
2023-04-10,C61440,Phone,1,583.9,Cash,Returned,1,Not Used,Email,583.9
2025-05-31,C33110,Chair,3,528.14,Online,Delivered,3,FREESHIP,Email,1584.42
2023-11-18,C80004,Printer,3,684.14,Cash,Cancelled,3,WINTER15,Instagram,2052.42
2023-09-06,C86374,Desk,5,272.77,Cash,Pending,7,WINTER15,Email,1363.85
2024-06-13,C66521,Chair,4,400.07,Online,Shipped,5,Not Used,Referral,1600.28
2023-08-04,C63365,Desk,5,219.78,Credit Card,Pending,8,Not Used,Facebook,1098.9
2024-03-02,C85929,Printer,3,146.91,Credit Card,Delivered,6,FREESHIP,Google,440.73
2025-04-30,C84645,Tablet,2,411.49,Credit Card,Returned,4,Not Used,Instagram,822.98
2025-05-06,C46316,Laptop,2,465.18,Credit Card,Cancelled,2,SAVE10,Google,930.36
2024-12-15,C35100,Phone,2,319.91,Credit Card,Cancelled,3,WINTER15,Google,639.82
2023-12-27,C39671,Laptop,1,217.56,Debit Card,Delivered,3,Not Used,Facebook,217.56
2023-12-13,C25503,Phone,2,105.57,Debit Card,Returned,5,WINTER15,Google,211.14
2023-12-01,C32960,Printer,5,444.76,Debit Card,Returned,7,Not Used,Email,2223.8
2025-01-02,C77736,Chair,2,399.04,Cash,Cancelled,3,FREESHIP,Referral,798.08
2024-12-18,C71570,Chair,4,534.48,Online,Returned,9,WINTER15,Instagram,2137.92
2023-07-20,C73587,Phone,4,408.21,Credit Card,Pending,9,Not Used,Instagram,1632.84
2023-02-27,C62740,Phone,1,424.4,Online,Shipped,6,WINTER15,Referral,424.4
2024-11-08,C58808,Chair,2,269.83,Online,Delivered,4,SAVE10,Email,539.66
2025-02-21,C50422,Monitor,2,564.58,Online,Returned,4,WINTER15,Facebook,1129.16
2024-05-16,C23334,Tablet,1,331.06,Credit Card,Pending,5,WINTER15,Instagram,331.06
2023-10-31,C48965,Printer,1,299.35,Credit Card,Cancelled,5,WINTER15,Email,299.35
2023-02-17,C38669,Monitor,4,101.32,Cash,Pending,7,Not Used,Referral,405.28
2024-03-29,C35091,Monitor,1,211.14,Credit Card,Cancelled,1,SAVE10,Facebook,211.14
2023-07-27,C82313,Chair,3,65.86,Online,Pending,8,WINTER15,Google,197.58
2025-06-24,C99589,Tablet,1,641.39,Online,Cancelled,1,Not Used,Referral,641.39
2023-12-28,C70566,Desk,5,536.58,Gift Card,Pending,5,SAVE10,Google,2682.9
2024-09-14,C60355,Monitor,2,500.29,Online,Returned,7,WINTER15,Google,1000.58
2025-03-04,C28889,Chair,3,86.29,Cash,Delivered,6,WINTER15,Instagram,258.87
2023-05-27,C88304,Chair,2,384.14,Online,Returned,2,WINTER15,Email,768.28
2025-01-04,C49517,Printer,1,594.96,Cash,Returned,6,Not Used,Facebook,594.96
2024-04-07,C35785,Printer,1,427.82,Online,Delivered,2,WINTER15,Email,427.82
2025-04-04,C80223,Desk,4,662.94,Cash,Cancelled,8,SAVE10,Instagram,2651.76
2023-08-15,C20448,Tablet,2,148.22,Credit Card,Delivered,7,WINTER15,Instagram,296.44
2025-04-06,C34134,Printer,1,254.12,Online,Delivered,1,WINTER15,Email,254.12
2024-03-24,C95901,Phone,3,664.46,Online,Delivered,4,FREESHIP,Google,1993.38
2024-04-16,C51145,Printer,4,600.81,Debit Card,Delivered,9,SAVE10,Email,2403.24
2025-02-08,C78170,Chair,5,68.34,Debit Card,Pending,6,WINTER15,Referral,341.7
2025-06-28,C80151,Tablet,4,430.83,Gift Card,Pending,8,WINTER15,Referral,1723.32
2023-08-05,C55632,Chair,5,431.69,Credit Card,Pending,10,Not Used,Facebook,2158.45
2024-04-11,C53070,Chair,4,512.06,Online,Delivered,5,SAVE10,Google,2048.24
2024-11-24,C27401,Laptop,3,539.91,Credit Card,Delivered,8,Not Used,Email,1619.73
2023-03-18,C87216,Tablet,5,316.07,Cash,Returned,10,Not Used,Google,1580.35
2024-08-31,C38966,Printer,5,404.39,Online,Shipped,10,Not Used,Referral,2021.95
2025-03-19,C16612,Desk,1,600.54,Debit Card,Pending,4,WINTER15,Google,600.54
2024-04-18,C39246,Monitor,5,186.28,Debit Card,Delivered,8,SAVE10,Email,931.4
2024-04-04,C65180,Tablet,4,214.54,Gift Card,Cancelled,7,Not Used,Referral,858.16
2025-02-02,C46877,Laptop,1,210.7,Online,Shipped,2,WINTER15,Referral,210.7
2023-12-07,C30334,Phone,2,133.55,Cash,Pending,7,FREESHIP,Facebook,267.1
2023-02-08,C21227,Chair,1,590.87,Gift Card,Returned,6,FREESHIP,Referral,590.87
2025-03-15,C97715,Chair,2,363.91,Gift Card,Shipped,2,FREESHIP,Referral,727.82
2023-07-05,C48939,Printer,5,429.45,Gift Card,Cancelled,5,WINTER15,Email,2147.25
2024-08-31,C35483,Printer,3,223.7,Cash,Returned,3,SAVE10,Email,671.1
2025-03-08,C51494,Laptop,2,488.87,Online,Cancelled,4,FREESHIP,Google,977.74
2023-08-11,C58410,Desk,1,645.46,Gift Card,Cancelled,5,SAVE10,Google,645.46
2023-07-21,C11644,Printer,1,46.66,Cash,Cancelled,6,Not Used,Google,46.66
2024-06-08,C53501,Monitor,1,249.57,Cash,Shipped,3,FREESHIP,Google,249.57
2024-04-22,C63619,Chair,3,619.21,Debit Card,Cancelled,6,Not Used,Email,1857.63
2025-01-24,C40882,Desk,4,217.13,Cash,Delivered,8,WINTER15,Email,868.52
2023-08-27,C80135,Laptop,5,221.51,Cash,Returned,5,WINTER15,Referral,1107.55
2024-06-11,C37594,Laptop,4,340.3,Cash,Cancelled,8,SAVE10,Referral,1361.2
2025-01-23,C87524,Phone,1,625.0,Online,Returned,5,WINTER15,Google,625.0
2025-06-07,C97681,Tablet,5,433.26,Credit Card,Delivered,9,SAVE10,Google,2166.3
2023-06-18,C10126,Monitor,2,674.9,Online,Shipped,4,SAVE10,Facebook,1349.8
2025-02-06,C36938,Monitor,3,253.98,Credit Card,Cancelled,3,FREESHIP,Email,761.94
2025-01-21,C99173,Printer,3,356.84,Online,Shipped,5,SAVE10,Instagram,1070.52
2023-09-05,C99775,Laptop,4,413.71,Gift Card,Cancelled,9,FREESHIP,Facebook,1654.84
2023-03-04,C19266,Desk,3,147.39,Debit Card,Returned,3,Not Used,Email,442.17
2024-04-16,C31072,Laptop,4,229.1,Gift Card,Returned,8,WINTER15,Email,916.4
2025-03-18,C54595,Phone,1,121.96,Debit Card,Delivered,3,Not Used,Google,121.96
2024-10-08,C87777,Desk,2,408.32,Online,Shipped,3,FREESHIP,Facebook,816.64
2023-08-29,C35854,Tablet,5,187.97,Cash,Returned,9,SAVE10,Google,939.85
2024-12-05,C93821,Chair,3,358.48,Gift Card,Delivered,7,FREESHIP,Facebook,1075.44
2025-01-03,C54390,Printer,3,193.58,Gift Card,Pending,7,FREESHIP,Email,580.74
2023-06-20,C53215,Monitor,1,265.38,Credit Card,Cancelled,6,WINTER15,Email,265.38
2023-04-20,C71122,Laptop,1,634.4,Cash,Cancelled,6,SAVE10,Email,634.4
2024-08-21,C29483,Desk,4,305.72,Online,Delivered,5,Not Used,Facebook,1222.88
2023-08-10,C26767,Printer,1,303.6,Cash,Shipped,5,FREESHIP,Facebook,303.6
2025-04-15,C70492,Monitor,4,496.0,Online,Cancelled,8,WINTER15,Google,1984.0
2024-05-20,C61549,Desk,4,321.51,Cash,Returned,9,Not Used,Google,1286.04
2023-04-28,C11665,Tablet,3,112.46,Gift Card,Shipped,6,SAVE10,Instagram,337.38
2025-05-02,C48946,Laptop,5,61.97,Cash,Delivered,6,SAVE10,Email,309.85
2023-07-18,C79506,Laptop,2,373.17,Credit Card,Pending,6,SAVE10,Referral,746.34
2024-02-23,C93473,Tablet,5,639.37,Debit Card,Pending,6,SAVE10,Google,3196.85
2023-05-04,C43124,Chair,4,693.36,Online,Shipped,8,Not Used,Instagram,2773.44
2024-09-11,C22783,Phone,4,692.91,Credit Card,Pending,9,SAVE10,Instagram,2771.64
2023-09-23,C18567,Printer,4,91.46,Cash,Cancelled,9,SAVE10,Referral,365.84
2024-03-13,C99879,Phone,3,273.96,Debit Card,Returned,8,SAVE10,Google,821.88
2025-06-27,C31501,Desk,3,588.05,Gift Card,Delivered,8,Not Used,Instagram,1764.15
2023-11-02,C93220,Monitor,2,365.17,Online,Cancelled,4,FREESHIP,Facebook,730.34
2023-05-17,C57867,Chair,4,385.92,Credit Card,Cancelled,8,Not Used,Instagram,1543.68
2025-03-28,C62622,Tablet,1,562.61,Credit Card,Delivered,3,WINTER15,Facebook,562.61
2023-12-16,C94595,Desk,4,61.91,Gift Card,Delivered,6,WINTER15,Email,247.64
2023-11-05,C30955,Phone,4,41.9,Gift Card,Pending,9,FREESHIP,Instagram,167.6
2023-05-19,C20731,Printer,4,444.44,Debit Card,Cancelled,8,WINTER15,Google,1777.76
2024-08-24,C30168,Phone,3,311.33,Cash,Cancelled,3,WINTER15,Instagram,933.99
2024-11-26,C79842,Printer,4,236.41,Debit Card,Pending,7,SAVE10,Google,945.64
2023-02-20,C32854,Desk,1,65.45,Cash,Pending,2,WINTER15,Google,65.45
2023-01-01,C14847,Monitor,1,318.81,Debit Card,Pending,3,WINTER15,Email,318.81
2024-03-14,C88645,Monitor,3,583.72,Credit Card,Shipped,5,FREESHIP,Facebook,1751.16
2024-12-13,C66149,Desk,4,384.32,Credit Card,Pending,6,WINTER15,Google,1537.28
2024-12-11,C20256,Tablet,3,538.74,Online,Shipped,6,FREESHIP,Email,1616.22
2023-07-12,C14983,Tablet,1,17.24,Online,Pending,2,FREESHIP,Instagram,17.24
2023-05-16,C20817,Chair,5,615.67,Online,Pending,6,SAVE10,Email,3078.35
2023-05-09,C94921,Printer,2,219.1,Online,Pending,4,SAVE10,Referral,438.2
2025-05-09,C54725,Chair,2,144.66,Online,Cancelled,7,FREESHIP,Google,289.32
2023-02-16,C98096,Desk,2,317.77,Debit Card,Cancelled,4,WINTER15,Facebook,635.54
2025-04-20,C12667,Laptop,1,223.3,Online,Returned,1,Not Used,Facebook,223.3
2024-08-30,C55354,Desk,2,342.11,Gift Card,Shipped,2,WINTER15,Instagram,684.22
2023-07-20,C14600,Printer,2,220.9,Gift Card,Shipped,4,Not Used,Email,441.8
2023-07-02,C97187,Laptop,1,670.54,Cash,Shipped,6,FREESHIP,Referral,670.54
2024-02-07,C39106,Printer,1,546.19,Cash,Pending,5,FREESHIP,Referral,546.19
2023-04-05,C93379,Desk,3,42.95,Gift Card,Returned,8,SAVE10,Email,128.85
2025-05-15,C93175,Monitor,4,14.69,Cash,Cancelled,9,Not Used,Email,58.76
2024-09-20,C19648,Phone,4,668.36,Gift Card,Cancelled,5,FREESHIP,Facebook,2673.44
2024-03-23,C14891,Chair,4,413.74,Gift Card,Returned,7,FREESHIP,Instagram,1654.96
2023-12-26,C10866,Monitor,3,263.19,Online,Delivered,5,Not Used,Instagram,789.57
2024-05-13,C47283,Monitor,1,263.96,Gift Card,Returned,2,SAVE10,Google,263.96
2025-06-30,C94323,Chair,5,75.81,Gift Card,Returned,10,WINTER15,Instagram,379.05
2024-04-23,C89732,Phone,1,406.22,Credit Card,Cancelled,5,SAVE10,Referral,406.22
2024-02-26,C87764,Tablet,2,103.41,Online,Shipped,2,FREESHIP,Referral,206.82
2023-06-11,C20977,Chair,4,435.12,Credit Card,Delivered,9,SAVE10,Instagram,1740.48
2023-05-17,C12245,Monitor,2,407.79,Debit Card,Shipped,3,Not Used,Google,815.58
2025-05-28,C68976,Phone,5,173.65,Gift Card,Delivered,9,SAVE10,Email,868.25
2023-01-10,C69476,Phone,4,249.07,Credit Card,Returned,5,WINTER15,Referral,996.28
2023-03-25,C71040,Phone,4,434.85,Credit Card,Pending,4,WINTER15,Google,1739.4
2024-08-03,C71035,Tablet,1,436.77,Cash,Returned,5,FREESHIP,Google,436.77
2023-12-22,C20752,Printer,1,572.13,Debit Card,Cancelled,4,SAVE10,Google,572.13
2024-06-08,C38840,Chair,4,583.07,Credit Card,Cancelled,6,FREESHIP,Referral,2332.28
2025-04-17,C84480,Chair,5,468.51,Debit Card,Delivered,9,Not Used,Facebook,2342.55
2023-08-11,C37032,Phone,2,423.88,Debit Card,Delivered,7,SAVE10,Referral,847.76
2023-11-25,C48942,Tablet,4,663.67,Credit Card,Pending,7,FREESHIP,Google,2654.68
2023-06-04,C13540,Printer,4,309.91,Debit Card,Shipped,5,WINTER15,Google,1239.64
2023-03-28,C59572,Monitor,1,542.07,Cash,Shipped,6,WINTER15,Referral,542.07
2023-09-19,C29758,Chair,2,399.32,Online,Pending,6,WINTER15,Instagram,798.64
2024-10-27,C11849,Tablet,2,238.25,Online,Cancelled,7,FREESHIP,Email,476.5
2023-02-04,C50967,Phone,2,182.4,Gift Card,Cancelled,5,SAVE10,Referral,364.8
2023-11-04,C80735,Chair,2,65.07,Credit Card,Cancelled,4,SAVE10,Google,130.14
2025-03-29,C99050,Printer,2,600.57,Debit Card,Returned,3,WINTER15,Instagram,1201.14
2024-09-09,C11210,Chair,5,90.92,Credit Card,Delivered,9,SAVE10,Facebook,454.6
2024-11-18,C46015,Laptop,5,362.46,Cash,Delivered,6,FREESHIP,Instagram,1812.3
2023-10-20,C69167,Chair,3,55.01,Online,Pending,7,WINTER15,Email,165.03
2023-03-27,C55388,Tablet,3,404.62,Gift Card,Delivered,6,FREESHIP,Instagram,1213.86
2023-07-27,C87181,Desk,4,654.79,Cash,Pending,9,Not Used,Referral,2619.16
2025-04-22,C30411,Printer,4,637.79,Gift Card,Cancelled,9,FREESHIP,Google,2551.16
2025-02-28,C39638,Laptop,4,540.33,Cash,Shipped,6,Not Used,Google,2161.32
2023-02-16,C27203,Laptop,5,208.17,Credit Card,Returned,6,SAVE10,Facebook,1040.85
2025-06-10,C67583,Phone,1,338.31,Online,Delivered,3,Not Used,Google,338.31
2025-04-07,C70554,Monitor,3,139.45,Gift Card,Returned,8,WINTER15,Google,418.35
2023-11-24,C70437,Chair,4,655.18,Online,Shipped,5,Not Used,Facebook,2620.72
2023-03-12,C97643,Laptop,4,512.75,Debit Card,Returned,8,WINTER15,Google,2051.0
2023-07-26,C17136,Chair,4,160.49,Credit Card,Shipped,8,WINTER15,Referral,641.96
2023-05-05,C24901,Chair,3,99.9,Cash,Delivered,8,FREESHIP,Facebook,299.7
2024-05-12,C61521,Phone,2,345.01,Credit Card,Delivered,6,FREESHIP,Google,690.02
2025-01-15,C39639,Monitor,1,65.95,Credit Card,Delivered,5,Not Used,Facebook,65.95
2023-02-16,C33220,Tablet,4,463.04,Gift Card,Returned,9,Not Used,Instagram,1852.16
2025-04-01,C65414,Phone,2,297.71,Online,Shipped,7,SAVE10,Referral,595.42
2023-01-25,C49009,Printer,5,107.48,Debit Card,Cancelled,9,FREESHIP,Email,537.4
2024-06-19,C48453,Desk,5,638.8,Debit Card,Cancelled,10,WINTER15,Referral,3194.0
2023-02-22,C68078,Desk,2,493.88,Credit Card,Returned,7,SAVE10,Instagram,987.76
2023-12-19,C19402,Printer,4,301.17,Online,Cancelled,6,Not Used,Email,1204.68
2024-01-20,C30711,Monitor,1,278.66,Gift Card,Cancelled,2,FREESHIP,Instagram,278.66
2024-09-02,C39000,Phone,1,287.46,Debit Card,Returned,3,FREESHIP,Facebook,287.46
2023-05-11,C31105,Chair,1,583.99,Cash,Cancelled,2,SAVE10,Email,583.99
2023-05-16,C29432,Chair,3,468.74,Cash,Pending,4,FREESHIP,Instagram,1406.22
2024-12-07,C48531,Tablet,1,30.54,Debit Card,Returned,1,Not Used,Google,30.54
2024-10-18,C86762,Monitor,5,408.73,Gift Card,Delivered,10,FREESHIP,Instagram,2043.65
2023-11-25,C63822,Laptop,4,126.89,Cash,Pending,9,FREESHIP,Instagram,507.56
2024-06-07,C70495,Printer,2,57.07,Debit Card,Returned,3,SAVE10,Instagram,114.14
2023-07-01,C92407,Laptop,3,557.41,Online,Delivered,4,Not Used,Email,1672.23
2023-12-11,C75888,Printer,3,448.9,Debit Card,Returned,7,SAVE10,Instagram,1346.7
2023-10-03,C63153,Chair,4,549.76,Debit Card,Delivered,4,FREESHIP,Facebook,2199.04
2024-02-24,C85863,Printer,3,132.48,Online,Shipped,4,Not Used,Referral,397.44
2025-05-17,C71698,Desk,5,489.37,Online,Returned,8,Not Used,Instagram,2446.85
2025-05-24,C35397,Printer,5,66.31,Gift Card,Pending,7,FREESHIP,Referral,331.55
2023-07-09,C67687,Chair,2,434.3,Cash,Delivered,7,SAVE10,Instagram,868.6
2023-10-04,C29931,Desk,4,153.09,Online,Delivered,4,FREESHIP,Referral,612.36
2025-05-12,C59139,Tablet,5,91.67,Online,Cancelled,9,FREESHIP,Email,458.35
2023-10-02,C66078,Desk,4,275.28,Gift Card,Shipped,9,WINTER15,Facebook,1101.12
2023-04-10,C88370,Monitor,2,139.95,Online,Returned,5,Not Used,Instagram,279.9
2024-07-27,C93375,Chair,3,148.72,Debit Card,Cancelled,7,SAVE10,Google,446.16
2023-12-02,C53049,Laptop,2,563.06,Cash,Returned,6,Not Used,Instagram,1126.12
2024-12-19,C55590,Printer,1,625.51,Credit Card,Shipped,1,FREESHIP,Facebook,625.51
2023-08-09,C47086,Phone,4,152.29,Debit Card,Cancelled,6,WINTER15,Google,609.16
2024-06-14,C48646,Phone,5,231.82,Debit Card,Delivered,6,SAVE10,Facebook,1159.1
2025-01-26,C29416,Laptop,1,150.17,Debit Card,Returned,1,SAVE10,Referral,150.17
2024-06-13,C13525,Tablet,3,70.93,Debit Card,Returned,5,Not Used,Referral,212.79
2023-06-29,C53545,Desk,3,361.39,Credit Card,Shipped,8,Not Used,Referral,1084.17
2024-07-01,C65986,Laptop,5,670.48,Gift Card,Returned,5,SAVE10,Facebook,3352.4
2023-07-25,C17302,Phone,1,359.99,Gift Card,Cancelled,5,SAVE10,Email,359.99
2023-02-28,C18404,Tablet,5,674.04,Online,Cancelled,7,SAVE10,Google,3370.2
2024-12-25,C88371,Chair,4,283.16,Credit Card,Shipped,6,Not Used,Google,1132.64
2024-06-02,C38068,Desk,5,260.53,Gift Card,Pending,5,SAVE10,Instagram,1302.65
2023-04-15,C78724,Printer,3,422.13,Online,Delivered,7,SAVE10,Facebook,1266.39
2024-07-03,C26163,Desk,5,125.02,Debit Card,Pending,9,SAVE10,Google,625.1
2024-04-16,C87124,Phone,1,198.51,Credit Card,Returned,5,WINTER15,Instagram,198.51
2024-03-26,C90348,Chair,4,224.75,Online,Delivered,7,WINTER15,Facebook,899.0
2025-03-03,C58721,Tablet,3,205.86,Gift Card,Shipped,4,Not Used,Email,617.58
2023-12-29,C88174,Laptop,1,18.2,Debit Card,Pending,4,SAVE10,Instagram,18.2
2023-05-29,C77763,Tablet,3,502.77,Debit Card,Returned,8,WINTER15,Email,1508.31
2023-11-08,C53627,Phone,5,305.49,Debit Card,Shipped,10,Not Used,Referral,1527.45
2024-04-10,C84563,Printer,2,236.33,Online,Pending,3,SAVE10,Instagram,472.66
2023-04-23,C76207,Laptop,5,521.25,Cash,Cancelled,8,Not Used,Email,2606.25
2024-09-23,C94671,Tablet,1,167.15,Gift Card,Shipped,5,WINTER15,Email,167.15
2025-06-24,C69994,Monitor,5,466.42,Gift Card,Returned,5,Not Used,Referral,2332.1
2023-02-26,C64638,Printer,1,527.57,Debit Card,Pending,3,FREESHIP,Facebook,527.57
2025-03-06,C95623,Tablet,3,623.34,Online,Cancelled,3,SAVE10,Instagram,1870.02
2023-12-07,C24751,Tablet,5,501.26,Gift Card,Shipped,10,FREESHIP,Referral,2506.3
2024-12-06,C31764,Tablet,1,655.09,Cash,Pending,6,Not Used,Referral,655.09
2024-02-03,C83556,Printer,4,264.79,Credit Card,Pending,5,SAVE10,Google,1059.16
2024-03-13,C24369,Laptop,3,359.73,Debit Card,Returned,7,FREESHIP,Email,1079.19
2023-11-30,C39648,Chair,1,465.33,Gift Card,Delivered,2,FREESHIP,Google,465.33
2023-06-03,C13296,Chair,2,54.41,Online,Shipped,6,Not Used,Instagram,108.82
2025-02-15,C94248,Laptop,1,64.66,Debit Card,Delivered,4,Not Used,Instagram,64.66
2023-08-31,C26637,Chair,5,173.96,Debit Card,Pending,8,WINTER15,Instagram,869.8
2025-03-28,C16012,Tablet,1,630.82,Online,Delivered,5,FREESHIP,Google,630.82
2023-07-11,C31772,Phone,1,693.41,Debit Card,Shipped,4,Not Used,Instagram,693.41
2025-06-03,C18353,Tablet,3,433.33,Credit Card,Cancelled,4,FREESHIP,Referral,1299.99
2023-05-06,C26966,Printer,5,374.58,Gift Card,Cancelled,10,FREESHIP,Instagram,1872.9
2023-07-08,C74982,Laptop,5,408.56,Debit Card,Delivered,8,FREESHIP,Instagram,2042.8
2024-04-07,C70633,Tablet,2,183.67,Online,Cancelled,3,SAVE10,Google,367.34
2023-06-09,C95643,Desk,4,606.57,Debit Card,Delivered,5,WINTER15,Referral,2426.28
2024-06-06,C53810,Phone,4,589.57,Cash,Pending,8,Not Used,Instagram,2358.28
2024-06-29,C53464,Printer,5,659.85,Credit Card,Delivered,9,SAVE10,Facebook,3299.25
2023-06-27,C53697,Monitor,4,206.84,Cash,Cancelled,5,WINTER15,Instagram,827.36
2024-05-24,C31668,Laptop,5,113.87,Credit Card,Pending,6,SAVE10,Email,569.35
2023-11-24,C85282,Phone,5,628.74,Cash,Cancelled,9,FREESHIP,Facebook,3143.7
2025-02-14,C56796,Phone,1,678.38,Credit Card,Cancelled,4,SAVE10,Referral,678.38
2023-02-10,C95213,Printer,3,602.24,Debit Card,Pending,8,Not Used,Referral,1806.72
2024-04-25,C13108,Laptop,5,658.77,Gift Card,Pending,10,FREESHIP,Instagram,3293.85
2023-05-01,C85322,Monitor,3,271.02,Credit Card,Cancelled,6,Not Used,Google,813.06
2024-12-22,C43545,Monitor,5,375.25,Gift Card,Pending,9,SAVE10,Email,1876.25
2025-05-03,C80649,Phone,1,312.11,Online,Cancelled,4,WINTER15,Facebook,312.11
2023-01-05,C59752,Phone,5,307.76,Gift Card,Pending,9,FREESHIP,Google,1538.8
2025-02-14,C53645,Chair,3,483.53,Cash,Returned,4,Not Used,Referral,1450.59
2023-01-02,C60178,Laptop,3,341.15,Cash,Pending,4,FREESHIP,Instagram,1023.45
2024-09-16,C20286,Monitor,1,571.9,Gift Card,Pending,1,WINTER15,Instagram,571.9
2025-01-16,C87547,Monitor,4,95.03,Online,Shipped,8,FREESHIP,Facebook,380.12
2023-08-24,C64549,Monitor,5,201.22,Debit Card,Pending,6,FREESHIP,Facebook,1006.1
2024-07-22,C24884,Monitor,1,260.26,Online,Pending,5,WINTER15,Instagram,260.26
2024-02-01,C62666,Chair,5,64.5,Credit Card,Pending,8,WINTER15,Instagram,322.5
2024-09-21,C47284,Phone,3,297.67,Online,Shipped,6,Not Used,Google,893.01
2024-04-20,C35355,Printer,4,331.9,Cash,Pending,5,SAVE10,Instagram,1327.6
2023-06-07,C29467,Chair,1,191.76,Credit Card,Returned,1,FREESHIP,Instagram,191.76
2025-01-30,C26718,Printer,4,263.09,Debit Card,Shipped,8,SAVE10,Google,1052.36
2023-01-20,C18944,Chair,4,393.8,Credit Card,Pending,7,SAVE10,Email,1575.2
2024-11-24,C35628,Chair,3,553.57,Credit Card,Returned,4,FREESHIP,Facebook,1660.71
2023-10-31,C56851,Chair,5,191.63,Gift Card,Delivered,6,FREESHIP,Facebook,958.15
2023-04-28,C12421,Tablet,1,93.02,Online,Returned,4,Not Used,Email,93.02
2024-06-27,C25316,Printer,2,39.53,Credit Card,Shipped,3,WINTER15,Google,79.06
2023-12-28,C22657,Printer,3,633.97,Cash,Pending,7,WINTER15,Facebook,1901.91
2023-12-17,C29703,Desk,4,697.5,Cash,Shipped,7,FREESHIP,Referral,2790.0
2023-07-14,C55996,Printer,5,508.69,Cash,Delivered,10,FREESHIP,Google,2543.45
2025-01-16,C60037,Laptop,2,527.46,Debit Card,Cancelled,3,FREESHIP,Referral,1054.92
2024-02-28,C95100,Phone,1,627.2,Online,Delivered,1,WINTER15,Email,627.2
2024-07-14,C39906,Printer,1,75.01,Credit Card,Returned,3,Not Used,Google,75.01
2023-07-05,C70148,Desk,5,529.55,Gift Card,Shipped,10,Not Used,Facebook,2647.75
2025-04-25,C30010,Phone,3,127.41,Gift Card,Delivered,7,SAVE10,Referral,382.23
2023-12-01,C99217,Tablet,5,287.13,Online,Shipped,10,SAVE10,Email,1435.65
2023-09-28,C30184,Monitor,1,427.06,Online,Cancelled,1,WINTER15,Referral,427.06
2024-09-04,C50275,Phone,5,53.93,Gift Card,Shipped,7,SAVE10,Instagram,269.65
2024-01-07,C64641,Tablet,5,423.93,Debit Card,Returned,5,FREESHIP,Facebook,2119.65
2024-09-28,C56266,Desk,4,160.22,Debit Card,Returned,9,WINTER15,Instagram,640.88
2025-04-09,C98635,Printer,1,538.68,Debit Card,Returned,6,Not Used,Referral,538.68
2023-04-09,C83026,Printer,5,337.38,Gift Card,Shipped,5,Not Used,Referral,1686.9
2024-11-10,C28893,Tablet,1,620.21,Online,Returned,1,FREESHIP,Referral,620.21
2023-03-09,C45482,Monitor,2,99.1,Cash,Delivered,6,Not Used,Instagram,198.2
2025-01-26,C97774,Monitor,4,451.97,Online,Cancelled,7,WINTER15,Email,1807.88
2023-12-10,C11657,Tablet,4,66.1,Cash,Returned,9,WINTER15,Google,264.4
2023-08-13,C85993,Tablet,4,547.32,Cash,Returned,8,FREESHIP,Instagram,2189.28
2025-01-01,C11906,Printer,3,412.53,Online,Pending,6,WINTER15,Google,1237.59
2023-06-28,C45187,Desk,5,84.13,Online,Delivered,9,SAVE10,Google,420.65
2024-01-18,C37375,Tablet,2,518.23,Debit Card,Shipped,5,Not Used,Email,1036.46
2024-06-19,C66567,Desk,2,39.51,Online,Shipped,5,Not Used,Facebook,79.02
2025-04-11,C42451,Tablet,5,133.01,Credit Card,Returned,10,Not Used,Facebook,665.05
2023-10-08,C13923,Tablet,1,118.8,Online,Delivered,6,SAVE10,Email,118.8
2025-05-04,C11829,Desk,2,139.57,Cash,Delivered,4,WINTER15,Facebook,279.14
2025-04-06,C62169,Chair,1,184.15,Gift Card,Shipped,5,FREESHIP,Facebook,184.15
2023-07-18,C20881,Laptop,2,644.05,Gift Card,Cancelled,5,WINTER15,Referral,1288.1
2023-10-24,C44492,Laptop,5,55.41,Online,Cancelled,5,Not Used,Google,277.05
2023-01-11,C74169,Printer,1,310.93,Online,Cancelled,3,Not Used,Facebook,310.93
2024-04-17,C70999,Tablet,2,216.66,Debit Card,Pending,6,FREESHIP,Instagram,433.32
2024-11-29,C11921,Phone,1,452.7,Debit Card,Shipped,5,FREESHIP,Instagram,452.7
2023-10-15,C50683,Chair,2,288.21,Debit Card,Cancelled,5,Not Used,Email,576.42
2023-06-05,C76140,Phone,4,206.6,Gift Card,Returned,6,WINTER15,Referral,826.4
2024-07-20,C94311,Printer,4,685.2,Gift Card,Cancelled,6,WINTER15,Google,2740.8
2023-04-12,C49491,Chair,5,22.94,Cash,Pending,10,Not Used,Email,114.7
2023-03-09,C40648,Laptop,2,301.88,Gift Card,Returned,5,WINTER15,Email,603.76
2025-03-16,C40967,Monitor,5,57.45,Cash,Cancelled,10,Not Used,Facebook,287.25
2024-12-18,C25406,Desk,1,161.24,Credit Card,Pending,3,WINTER15,Instagram,161.24
2024-11-26,C77085,Chair,4,262.58,Online,Cancelled,8,WINTER15,Email,1050.32
2024-12-19,C38126,Printer,4,515.19,Credit Card,Pending,9,SAVE10,Facebook,2060.76
2023-06-07,C87448,Phone,1,450.07,Gift Card,Shipped,6,FREESHIP,Google,450.07
2024-10-06,C62312,Printer,1,52.54,Debit Card,Cancelled,6,WINTER15,Facebook,52.54
2023-09-04,C58443,Tablet,2,424.32,Credit Card,Returned,6,Not Used,Referral,848.64
2023-08-26,C36613,Monitor,3,631.64,Credit Card,Returned,3,FREESHIP,Facebook,1894.92
2023-10-22,C73893,Printer,5,327.68,Credit Card,Returned,6,Not Used,Facebook,1638.4
2023-05-27,C48601,Printer,1,414.47,Debit Card,Returned,3,FREESHIP,Instagram,414.47
2023-02-11,C14568,Laptop,4,221.33,Online,Pending,5,Not Used,Google,885.32
2024-04-18,C63378,Phone,1,512.39,Online,Delivered,2,FREESHIP,Instagram,512.39
2025-01-03,C77800,Tablet,3,459.34,Gift Card,Pending,3,SAVE10,Instagram,1378.02
2024-09-08,C91155,Tablet,1,146.32,Online,Shipped,4,WINTER15,Facebook,146.32
2024-11-05,C60215,Desk,4,83.6,Debit Card,Pending,4,SAVE10,Facebook,334.4
2023-12-13,C52915,Printer,2,328.54,Gift Card,Returned,6,FREESHIP,Email,657.08
2024-05-06,C72588,Chair,5,314.94,Cash,Pending,8,SAVE10,Instagram,1574.7
2024-05-14,C61668,Chair,2,69.64,Cash,Returned,6,Not Used,Facebook,139.28
2024-06-08,C79508,Printer,1,135.17,Online,Shipped,6,FREESHIP,Instagram,135.17
2024-03-23,C94569,Phone,1,487.21,Cash,Delivered,3,SAVE10,Referral,487.21
2023-10-18,C89592,Laptop,5,509.58,Online,Delivered,6,FREESHIP,Instagram,2547.9
2024-04-07,C48207,Printer,2,416.81,Cash,Returned,2,Not Used,Facebook,833.62
2023-09-04,C16776,Laptop,2,160.0,Cash,Pending,4,SAVE10,Instagram,320.0
2024-08-26,C91518,Tablet,3,253.05,Online,Pending,3,Not Used,Instagram,759.15
2024-01-15,C36408,Monitor,5,615.1,Gift Card,Returned,10,WINTER15,Instagram,3075.5
2023-04-01,C14837,Monitor,1,183.18,Debit Card,Cancelled,6,SAVE10,Email,183.18
2023-07-23,C36467,Printer,1,75.78,Cash,Pending,5,SAVE10,Google,75.78
2025-05-02,C15017,Tablet,1,675.57,Cash,Shipped,1,WINTER15,Facebook,675.57
2024-11-27,C54759,Laptop,1,109.29,Debit Card,Cancelled,5,FREESHIP,Google,109.29
2024-03-26,C58341,Phone,1,639.83,Debit Card,Pending,2,SAVE10,Referral,639.83
2023-06-26,C94479,Desk,5,62.81,Credit Card,Shipped,9,SAVE10,Facebook,314.05
2025-05-25,C50236,Desk,4,615.83,Online,Returned,4,WINTER15,Instagram,2463.32
2024-07-02,C31412,Monitor,4,510.58,Credit Card,Returned,7,WINTER15,Email,2042.32
2024-07-24,C90142,Desk,1,334.39,Credit Card,Returned,2,Not Used,Instagram,334.39
2024-10-06,C83548,Laptop,1,144.25,Cash,Returned,2,WINTER15,Referral,144.25
2024-06-08,C29697,Tablet,1,401.82,Credit Card,Shipped,5,FREESHIP,Google,401.82
2025-03-31,C22991,Phone,1,252.68,Online,Cancelled,1,Not Used,Referral,252.68
2023-05-26,C25276,Laptop,5,662.78,Debit Card,Shipped,9,SAVE10,Instagram,3313.9
2023-03-14,C39176,Tablet,4,434.42,Online,Cancelled,6,FREESHIP,Google,1737.68
2024-02-26,C58773,Printer,5,513.49,Gift Card,Cancelled,8,Not Used,Google,2567.45
2023-07-18,C37412,Phone,1,432.47,Cash,Delivered,4,FREESHIP,Referral,432.47
2024-08-30,C36492,Desk,1,45.94,Cash,Cancelled,2,WINTER15,Email,45.94
2025-06-21,C90110,Phone,1,418.36,Credit Card,Delivered,5,FREESHIP,Email,418.36
2023-11-26,C13877,Chair,5,676.98,Cash,Cancelled,5,Not Used,Facebook,3384.9
2023-09-29,C25149,Tablet,4,263.62,Cash,Shipped,5,SAVE10,Email,1054.48
2025-04-19,C52717,Desk,5,551.27,Online,Cancelled,7,FREESHIP,Referral,2756.35
2023-01-06,C60029,Chair,3,508.12,Credit Card,Cancelled,8,FREESHIP,Referral,1524.36
2025-02-25,C28552,Chair,2,14.93,Online,Shipped,4,Not Used,Facebook,29.86
2023-11-15,C72293,Printer,3,229.34,Credit Card,Shipped,6,SAVE10,Referral,688.02
2025-04-19,C29844,Tablet,2,438.62,Cash,Cancelled,3,SAVE10,Facebook,877.24
2024-01-15,C77872,Phone,2,513.59,Online,Returned,4,FREESHIP,Referral,1027.18
2025-03-05,C56564,Phone,2,253.74,Online,Shipped,5,SAVE10,Google,507.48
2024-11-01,C16758,Tablet,3,62.77,Gift Card,Shipped,6,FREESHIP,Referral,188.31
2023-02-18,C87011,Monitor,4,25.29,Credit Card,Pending,8,Not Used,Google,101.16
2023-06-16,C21147,Chair,1,335.1,Debit Card,Pending,6,FREESHIP,Referral,335.1
2023-04-23,C94568,Laptop,4,484.85,Debit Card,Delivered,5,WINTER15,Referral,1939.4
2025-03-02,C35852,Monitor,3,381.41,Online,Pending,6,Not Used,Instagram,1144.23
2023-01-18,C66462,Phone,5,347.92,Cash,Pending,6,WINTER15,Google,1739.6
2024-05-29,C29092,Chair,4,15.01,Cash,Cancelled,6,Not Used,Facebook,60.04
2023-08-01,C46651,Chair,3,404.79,Cash,Shipped,6,SAVE10,Instagram,1214.37
2023-02-03,C88981,Printer,4,611.26,Cash,Shipped,5,SAVE10,Referral,2445.04
2023-03-09,C40136,Printer,3,346.52,Credit Card,Pending,3,SAVE10,Google,1039.56
2024-12-05,C81573,Chair,1,36.65,Online,Cancelled,1,WINTER15,Email,36.65
2023-09-05,C11940,Tablet,3,149.34,Gift Card,Cancelled,7,WINTER15,Email,448.02
2024-07-22,C50097,Chair,5,467.81,Online,Cancelled,10,Not Used,Facebook,2339.05
2023-01-05,C98168,Phone,5,420.7,Cash,Pending,5,WINTER15,Facebook,2103.5
2023-10-25,C39074,Laptop,5,606.52,Debit Card,Shipped,6,SAVE10,Instagram,3032.6
2025-01-28,C84908,Phone,1,420.26,Credit Card,Pending,4,FREESHIP,Facebook,420.26
2023-07-19,C64516,Laptop,3,505.79,Debit Card,Pending,3,FREESHIP,Referral,1517.37
2025-06-05,C63827,Phone,4,493.73,Debit Card,Pending,6,SAVE10,Facebook,1974.92
2025-03-14,C93618,Printer,3,201.21,Online,Cancelled,3,SAVE10,Google,603.63
2024-10-24,C93948,Printer,3,112.29,Gift Card,Shipped,6,Not Used,Google,336.87
2023-07-12,C73961,Tablet,4,132.56,Cash,Returned,8,WINTER15,Instagram,530.24
2023-04-06,C18138,Printer,3,539.46,Credit Card,Shipped,4,SAVE10,Facebook,1618.38
2024-04-07,C79475,Laptop,5,508.59,Cash,Returned,8,WINTER15,Facebook,2542.95
2024-02-04,C88546,Desk,4,203.46,Credit Card,Pending,7,SAVE10,Referral,813.84
2023-05-20,C69332,Monitor,3,565.25,Debit Card,Returned,7,SAVE10,Email,1695.75
2023-08-31,C64554,Tablet,3,136.84,Online,Pending,4,FREESHIP,Facebook,410.52
2025-06-11,C11676,Monitor,2,464.5,Online,Cancelled,2,WINTER15,Instagram,929.0
2023-06-11,C36014,Printer,2,434.97,Online,Shipped,7,Not Used,Email,869.94
2023-07-25,C23279,Monitor,2,43.67,Cash,Returned,4,WINTER15,Instagram,87.34
2023-07-05,C86481,Phone,1,171.59,Credit Card,Pending,5,WINTER15,Email,171.59
2025-05-14,C39550,Phone,1,558.27,Online,Delivered,1,Not Used,Referral,558.27
2023-02-15,C68937,Laptop,2,425.03,Cash,Returned,2,WINTER15,Google,850.06
2024-12-16,C72533,Printer,1,376.76,Debit Card,Delivered,5,SAVE10,Email,376.76
2024-03-15,C11415,Monitor,5,575.24,Cash,Delivered,7,WINTER15,Email,2876.2
2024-09-27,C14114,Desk,3,568.02,Online,Pending,3,FREESHIP,Instagram,1704.06
2025-02-09,C64128,Tablet,3,94.88,Gift Card,Shipped,8,Not Used,Referral,284.64
2023-04-16,C15629,Printer,3,304.15,Gift Card,Shipped,3,WINTER15,Instagram,912.45
2023-03-14,C67561,Phone,3,553.52,Gift Card,Shipped,4,FREESHIP,Facebook,1660.56
2024-04-07,C47022,Monitor,3,166.99,Cash,Returned,8,Not Used,Facebook,500.97
2024-04-09,C55205,Tablet,4,198.35,Cash,Cancelled,7,FREESHIP,Google,793.4
2025-06-13,C30686,Printer,4,403.58,Online,Pending,9,SAVE10,Referral,1614.32
2025-05-10,C71797,Laptop,4,464.29,Debit Card,Returned,5,SAVE10,Email,1857.16
2023-03-10,C66332,Monitor,3,635.98,Cash,Returned,5,Not Used,Referral,1907.94
2024-02-25,C82318,Phone,1,528.06,Credit Card,Shipped,2,Not Used,Facebook,528.06
2024-04-20,C66254,Chair,1,515.32,Gift Card,Cancelled,1,FREESHIP,Email,515.32
2025-02-18,C65083,Desk,4,657.79,Credit Card,Returned,6,WINTER15,Google,2631.16
2023-10-25,C44778,Phone,1,153.0,Credit Card,Returned,4,Not Used,Referral,153.0
2023-12-03,C54499,Monitor,1,668.48,Debit Card,Shipped,1,SAVE10,Email,668.48
2024-02-29,C91201,Desk,2,46.5,Cash,Returned,7,WINTER15,Google,93.0
2024-08-19,C27202,Chair,5,653.47,Credit Card,Cancelled,10,SAVE10,Referral,3267.35
2025-02-26,C32011,Chair,1,628.89,Credit Card,Returned,2,SAVE10,Referral,628.89
2024-04-07,C21181,Tablet,2,675.1,Cash,Pending,4,FREESHIP,Google,1350.2
2024-07-18,C98450,Chair,4,89.41,Online,Pending,9,Not Used,Google,357.64
2024-07-02,C64502,Desk,5,320.01,Gift Card,Delivered,6,Not Used,Referral,1600.05
2025-05-03,C47365,Laptop,2,41.0,Online,Delivered,7,Not Used,Email,82.0
2023-03-05,C66349,Desk,1,565.85,Gift Card,Returned,1,FREESHIP,Facebook,565.85
2024-06-06,C73289,Chair,3,648.59,Debit Card,Cancelled,4,SAVE10,Email,1945.77
2024-07-24,C48649,Monitor,3,68.12,Online,Cancelled,3,FREESHIP,Email,204.36
2024-06-09,C18724,Chair,1,616.1,Cash,Returned,6,Not Used,Email,616.1
2025-03-23,C68553,Tablet,3,247.47,Online,Delivered,4,SAVE10,Facebook,742.41
2024-05-24,C61280,Phone,3,490.74,Cash,Shipped,3,WINTER15,Email,1472.22
2025-02-18,C53277,Desk,3,531.72,Gift Card,Delivered,7,SAVE10,Google,1595.16
2024-01-29,C87281,Laptop,5,648.65,Online,Pending,7,Not Used,Referral,3243.25
2023-08-07,C69009,Printer,5,456.06,Cash,Pending,10,Not Used,Instagram,2280.3
2023-11-14,C49726,Tablet,1,17.98,Cash,Cancelled,6,FREESHIP,Email,17.98
2024-03-09,C37531,Desk,5,269.86,Cash,Shipped,6,WINTER15,Facebook,1349.3
2024-03-10,C48713,Printer,5,31.96,Credit Card,Returned,5,FREESHIP,Referral,159.8
2023-12-19,C74138,Monitor,2,98.47,Cash,Returned,3,Not Used,Instagram,196.94
2024-03-01,C82399,Monitor,1,158.68,Credit Card,Returned,6,WINTER15,Instagram,158.68
2023-08-20,C40427,Phone,1,613.98,Online,Delivered,4,FREESHIP,Facebook,613.98
2024-01-05,C17103,Printer,3,426.12,Online,Delivered,5,WINTER15,Instagram,1278.36
2025-02-25,C34266,Monitor,4,629.88,Debit Card,Cancelled,8,WINTER15,Instagram,2519.52
2023-10-29,C97485,Laptop,4,228.91,Cash,Shipped,4,FREESHIP,Google,915.64
2023-05-18,C23947,Laptop,1,120.98,Debit Card,Delivered,6,WINTER15,Email,120.98
2023-09-30,C21665,Chair,4,425.18,Online,Returned,8,WINTER15,Facebook,1700.72
2023-08-23,C82550,Phone,2,333.83,Gift Card,Cancelled,4,FREESHIP,Referral,667.66
2025-05-30,C61943,Laptop,2,492.9,Cash,Returned,5,FREESHIP,Instagram,985.8
2023-01-07,C88933,Tablet,1,92.04,Cash,Shipped,2,Not Used,Facebook,92.04
2023-01-28,C30923,Laptop,1,654.27,Gift Card,Pending,2,SAVE10,Facebook,654.27
2023-06-29,C56969,Tablet,1,56.2,Debit Card,Pending,1,WINTER15,Facebook,56.2
2024-07-16,C76766,Phone,4,628.12,Online,Delivered,6,WINTER15,Instagram,2512.48
2024-04-15,C22981,Desk,3,157.4,Debit Card,Cancelled,7,WINTER15,Email,472.2
2023-01-31,C33634,Monitor,4,588.85,Gift Card,Pending,7,Not Used,Email,2355.4
2023-01-31,C96822,Printer,2,494.78,Online,Shipped,2,Not Used,Google,989.56
2023-10-06,C76675,Laptop,3,663.93,Gift Card,Returned,6,FREESHIP,Email,1991.79
2023-12-12,C12039,Laptop,1,132.68,Debit Card,Returned,1,SAVE10,Referral,132.68
2025-04-08,C93309,Desk,5,364.28,Credit Card,Cancelled,5,WINTER15,Google,1821.4
2023-05-14,C62042,Tablet,5,307.98,Online,Pending,10,Not Used,Facebook,1539.9
2024-04-18,C83223,Phone,4,162.71,Cash,Cancelled,7,FREESHIP,Email,650.84
2024-09-30,C92575,Chair,5,492.94,Cash,Shipped,10,FREESHIP,Email,2464.7
2023-03-10,C29072,Laptop,2,343.99,Online,Delivered,4,Not Used,Google,687.98
2025-03-22,C25783,Desk,5,250.68,Cash,Shipped,8,SAVE10,Instagram,1253.4
2024-12-27,C63727,Desk,2,362.14,Debit Card,Pending,2,SAVE10,Instagram,724.28
2024-11-23,C42365,Tablet,1,214.08,Gift Card,Returned,2,WINTER15,Google,214.08
2023-11-11,C27438,Printer,1,70.32,Cash,Returned,4,WINTER15,Facebook,70.32
2023-01-25,C13205,Chair,5,421.42,Debit Card,Cancelled,7,Not Used,Instagram,2107.1
2024-01-24,C29685,Chair,5,384.69,Credit Card,Pending,6,FREESHIP,Email,1923.45
2023-06-07,C74005,Chair,5,448.15,Gift Card,Returned,7,SAVE10,Google,2240.75
2024-05-29,C14457,Laptop,5,79.08,Cash,Pending,8,Not Used,Facebook,395.4
2023-01-22,C77046,Tablet,4,185.41,Online,Returned,9,WINTER15,Google,741.64
2024-10-10,C50415,Monitor,5,566.07,Credit Card,Delivered,6,SAVE10,Instagram,2830.35
2023-06-04,C73999,Tablet,2,187.88,Online,Shipped,4,WINTER15,Facebook,375.76
2023-11-14,C71076,Monitor,2,255.99,Credit Card,Delivered,4,SAVE10,Instagram,511.98
2024-11-11,C44674,Laptop,1,627.34,Online,Delivered,1,Not Used,Referral,627.34
2024-02-19,C15228,Tablet,3,474.14,Gift Card,Shipped,8,WINTER15,Google,1422.42
2025-06-15,C27072,Chair,3,154.37,Gift Card,Delivered,4,Not Used,Instagram,463.11
2025-03-21,C15257,Chair,4,145.05,Online,Delivered,6,SAVE10,Google,580.2
2023-08-20,C91486,Tablet,4,67.08,Cash,Returned,8,WINTER15,Google,268.32
2024-11-10,C17389,Monitor,1,522.08,Gift Card,Returned,5,FREESHIP,Referral,522.08
2023-06-12,C18820,Monitor,5,514.6,Gift Card,Delivered,10,FREESHIP,Instagram,2573.0
2024-12-10,C61849,Monitor,4,577.82,Credit Card,Delivered,9,Not Used,Google,2311.28
2025-02-10,C84041,Laptop,2,500.8,Cash,Delivered,3,FREESHIP,Referral,1001.6
2023-09-10,C55757,Printer,2,461.13,Gift Card,Returned,4,Not Used,Email,922.26
2024-11-18,C18187,Laptop,1,605.28,Gift Card,Shipped,3,FREESHIP,Referral,605.28
2024-04-23,C42306,Phone,3,204.27,Online,Returned,4,Not Used,Google,612.81
2023-08-02,C51024,Monitor,1,489.8,Gift Card,Shipped,4,FREESHIP,Facebook,489.8
2024-02-21,C40140,Phone,5,72.64,Credit Card,Cancelled,7,Not Used,Email,363.2
2025-01-10,C72596,Printer,2,385.16,Online,Pending,7,SAVE10,Email,770.32
2023-06-12,C91805,Desk,3,606.41,Debit Card,Returned,7,FREESHIP,Facebook,1819.23
2024-11-25,C40538,Desk,2,211.82,Gift Card,Cancelled,4,WINTER15,Email,423.64
2024-04-26,C60329,Desk,5,495.35,Credit Card,Pending,5,Not Used,Facebook,2476.75
2023-06-30,C28740,Chair,3,556.99,Online,Cancelled,4,FREESHIP,Facebook,1670.97
2023-05-26,C87051,Printer,1,72.31,Gift Card,Cancelled,1,FREESHIP,Facebook,72.31
2023-10-02,C12479,Monitor,5,24.82,Credit Card,Shipped,10,Not Used,Referral,124.1
2024-03-05,C35852,Tablet,4,26.04,Online,Pending,5,SAVE10,Instagram,104.16
2024-10-04,C26223,Tablet,1,657.07,Cash,Pending,4,SAVE10,Google,657.07
2025-06-22,C99214,Chair,3,32.62,Debit Card,Delivered,6,Not Used,Facebook,97.86
2024-05-10,C49605,Monitor,2,228.91,Debit Card,Shipped,4,SAVE10,Referral,457.82
2024-11-06,C85018,Laptop,3,274.75,Cash,Cancelled,3,SAVE10,Google,824.25
2025-05-31,C96434,Printer,4,634.05,Cash,Shipped,6,SAVE10,Google,2536.2
2024-07-24,C32956,Laptop,5,543.16,Online,Cancelled,6,SAVE10,Instagram,2715.8
2025-01-27,C41137,Chair,3,449.13,Cash,Returned,5,WINTER15,Referral,1347.39
2024-06-16,C60361,Desk,5,389.62,Cash,Returned,7,FREESHIP,Facebook,1948.1
2023-04-21,C36688,Desk,1,305.17,Gift Card,Returned,3,WINTER15,Referral,305.17
2023-06-02,C51811,Chair,3,445.12,Gift Card,Cancelled,8,Not Used,Google,1335.36
2024-12-19,C62405,Laptop,2,230.36,Online,Returned,4,WINTER15,Email,460.72
2024-03-08,C77363,Phone,1,96.81,Gift Card,Cancelled,3,Not Used,Referral,96.81
2025-03-07,C97218,Monitor,5,460.14,Credit Card,Returned,10,WINTER15,Facebook,2300.7
2024-10-17,C43919,Tablet,3,601.6,Credit Card,Cancelled,7,SAVE10,Facebook,1804.8
2024-02-08,C57093,Tablet,3,184.47,Online,Cancelled,4,Not Used,Referral,553.41
2024-09-03,C50565,Tablet,1,411.34,Debit Card,Returned,5,Not Used,Instagram,411.34
2024-07-16,C38845,Laptop,1,532.89,Gift Card,Pending,2,Not Used,Referral,532.89
2024-03-27,C84834,Tablet,3,136.34,Debit Card,Returned,8,SAVE10,Referral,409.02
2023-10-22,C37455,Phone,5,476.01,Credit Card,Delivered,7,WINTER15,Google,2380.05
2024-11-02,C27078,Desk,5,236.38,Credit Card,Returned,7,Not Used,Facebook,1181.9
2023-06-16,C91941,Printer,3,396.0,Gift Card,Cancelled,4,FREESHIP,Instagram,1188.0
2024-01-16,C25967,Tablet,5,341.96,Debit Card,Delivered,6,Not Used,Email,1709.8
2023-09-24,C22123,Tablet,1,672.89,Credit Card,Pending,1,WINTER15,Email,672.89
2024-03-01,C45671,Tablet,2,657.48,Online,Shipped,5,SAVE10,Referral,1314.96
2023-08-06,C53334,Chair,3,498.68,Online,Returned,4,FREESHIP,Email,1496.04
2023-03-26,C18717,Printer,5,558.63,Cash,Pending,8,FREESHIP,Referral,2793.15
2023-07-07,C50137,Phone,3,19.73,Online,Pending,3,Not Used,Referral,59.19
2023-06-23,C51481,Monitor,5,248.84,Debit Card,Cancelled,10,Not Used,Instagram,1244.2
2024-08-31,C99128,Chair,3,46.11,Gift Card,Returned,5,WINTER15,Referral,138.33
2023-05-02,C67260,Laptop,5,678.16,Gift Card,Delivered,7,WINTER15,Facebook,3390.8
2024-04-10,C79533,Laptop,5,601.72,Gift Card,Cancelled,5,WINTER15,Instagram,3008.6
2024-04-25,C66906,Printer,2,259.32,Gift Card,Delivered,2,WINTER15,Referral,518.64
2023-12-13,C12818,Chair,3,63.68,Cash,Returned,6,Not Used,Facebook,191.04
2023-10-05,C60384,Laptop,4,371.07,Cash,Cancelled,7,WINTER15,Facebook,1484.28
2024-09-29,C92294,Chair,4,306.35,Gift Card,Shipped,7,WINTER15,Referral,1225.4
2023-10-15,C66840,Tablet,4,578.27,Online,Delivered,9,WINTER15,Email,2313.08
2023-01-20,C22534,Chair,1,529.19,Cash,Cancelled,5,Not Used,Referral,529.19
2024-02-27,C46509,Chair,2,587.49,Gift Card,Returned,6,SAVE10,Referral,1174.98
2024-06-30,C71680,Printer,4,567.57,Debit Card,Pending,9,WINTER15,Google,2270.28
2024-04-29,C15063,Chair,5,85.22,Credit Card,Cancelled,7,FREESHIP,Email,426.1
2024-08-26,C77122,Laptop,1,438.37,Cash,Cancelled,4,SAVE10,Referral,438.37
2023-11-15,C86524,Chair,2,366.23,Cash,Shipped,2,WINTER15,Email,732.46
2023-01-02,C82990,Laptop,2,150.05,Credit Card,Cancelled,4,SAVE10,Facebook,300.1
2023-10-27,C98761,Chair,4,498.51,Debit Card,Shipped,4,SAVE10,Google,1994.04
2025-04-24,C54409,Desk,3,339.39,Cash,Returned,7,FREESHIP,Google,1018.17
2025-01-18,C89674,Monitor,2,575.83,Online,Delivered,3,WINTER15,Referral,1151.66
2023-12-23,C45899,Monitor,2,642.98,Debit Card,Returned,7,FREESHIP,Email,1285.96
2023-05-18,C74499,Desk,2,372.23,Gift Card,Delivered,7,SAVE10,Email,744.46
2024-11-12,C81192,Chair,3,646.34,Debit Card,Pending,5,Not Used,Google,1939.02
2024-06-05,C71473,Chair,5,341.84,Online,Shipped,8,FREESHIP,Instagram,1709.2
2024-02-25,C59338,Printer,3,690.3,Credit Card,Shipped,6,WINTER15,Google,2070.9
2023-06-12,C62661,Tablet,3,382.37,Debit Card,Returned,8,Not Used,Instagram,1147.11
2023-03-14,C22101,Chair,2,132.6,Debit Card,Cancelled,4,WINTER15,Email,265.2
2024-01-18,C51404,Monitor,2,189.06,Gift Card,Shipped,7,SAVE10,Facebook,378.12
2023-12-24,C19384,Tablet,4,87.79,Cash,Cancelled,6,FREESHIP,Instagram,351.16
2025-04-18,C86864,Printer,2,46.36,Gift Card,Returned,4,SAVE10,Google,92.72
2024-10-26,C24301,Phone,2,642.04,Gift Card,Delivered,4,WINTER15,Email,1284.08
2024-10-19,C43842,Chair,2,651.57,Debit Card,Shipped,7,WINTER15,Facebook,1303.14
2025-02-28,C63657,Tablet,3,424.89,Debit Card,Cancelled,6,FREESHIP,Google,1274.67
2023-01-28,C98332,Laptop,3,438.89,Cash,Returned,3,Not Used,Facebook,1316.67
2024-04-15,C59774,Monitor,1,72.6,Debit Card,Cancelled,6,FREESHIP,Instagram,72.6
2024-12-19,C14847,Laptop,4,194.75,Cash,Shipped,5,Not Used,Facebook,779.0
2023-05-02,C83653,Tablet,4,231.26,Online,Shipped,6,WINTER15,Google,925.04
2024-08-31,C35711,Monitor,4,327.12,Credit Card,Cancelled,4,Not Used,Email,1308.48
2023-05-03,C10477,Laptop,1,466.42,Gift Card,Pending,5,SAVE10,Email,466.42
2024-07-05,C61257,Monitor,2,253.67,Cash,Returned,3,WINTER15,Facebook,507.34
2023-02-05,C60547,Desk,1,257.0,Debit Card,Cancelled,5,Not Used,Referral,257.0
2024-04-18,C14576,Desk,4,539.2,Credit Card,Pending,8,FREESHIP,Google,2156.8
2023-06-15,C49282,Chair,5,50.74,Gift Card,Cancelled,7,WINTER15,Google,253.7
2023-05-09,C14017,Phone,2,624.16,Debit Card,Shipped,2,SAVE10,Instagram,1248.32
2023-02-21,C46504,Tablet,2,372.92,Credit Card,Delivered,7,SAVE10,Email,745.84
2024-01-09,C56928,Laptop,4,358.75,Gift Card,Delivered,9,SAVE10,Facebook,1435.0
2024-08-06,C97749,Desk,3,342.02,Debit Card,Pending,5,Not Used,Email,1026.06
2025-06-23,C90431,Laptop,2,422.34,Credit Card,Cancelled,4,FREESHIP,Instagram,844.68
2025-04-03,C56722,Tablet,5,22.07,Online,Cancelled,7,FREESHIP,Instagram,110.35
2024-11-24,C40863,Chair,3,163.13,Gift Card,Shipped,5,WINTER15,Facebook,489.39
2023-02-02,C40798,Tablet,3,360.66,Online,Returned,5,FREESHIP,Instagram,1081.98
2023-08-27,C16702,Monitor,3,463.39,Credit Card,Returned,3,Not Used,Facebook,1390.17
2024-01-30,C38262,Tablet,1,155.27,Debit Card,Shipped,6,Not Used,Email,155.27
2023-07-23,C50274,Monitor,3,509.42,Credit Card,Cancelled,5,FREESHIP,Google,1528.26
2025-05-18,C91591,Desk,4,652.48,Cash,Pending,5,FREESHIP,Instagram,2609.92
2024-09-22,C96583,Printer,4,34.84,Credit Card,Shipped,8,Not Used,Email,139.36
2025-02-07,C64579,Desk,1,234.37,Debit Card,Shipped,5,FREESHIP,Email,234.37
2023-10-09,C41903,Desk,3,53.6,Cash,Pending,4,WINTER15,Facebook,160.8
2023-09-13,C19742,Tablet,1,332.09,Gift Card,Returned,5,FREESHIP,Instagram,332.09
2024-03-06,C20077,Monitor,4,593.22,Credit Card,Cancelled,8,WINTER15,Facebook,2372.88
2023-08-29,C13186,Tablet,2,444.84,Online,Shipped,7,Not Used,Facebook,889.68
2024-07-12,C29318,Monitor,1,24.48,Gift Card,Returned,1,Not Used,Instagram,24.48
2024-11-24,C36137,Laptop,3,239.08,Cash,Shipped,8,Not Used,Google,717.24
2023-01-23,C25534,Desk,5,196.84,Credit Card,Delivered,5,WINTER15,Instagram,984.2
2025-03-12,C62070,Monitor,1,176.58,Debit Card,Returned,4,Not Used,Referral,176.58
2023-10-02,C92049,Printer,4,666.52,Cash,Shipped,8,FREESHIP,Email,2666.08
2024-11-23,C52604,Printer,5,101.3,Online,Shipped,7,FREESHIP,Email,506.5
2023-07-02,C22429,Chair,4,151.2,Gift Card,Pending,9,WINTER15,Facebook,604.8
2025-02-04,C27430,Printer,5,94.85,Cash,Shipped,6,WINTER15,Email,474.25
2023-01-04,C44366,Laptop,2,388.22,Cash,Delivered,2,WINTER15,Instagram,776.44
2023-11-13,C36813,Laptop,3,614.15,Gift Card,Cancelled,3,Not Used,Facebook,1842.45
2024-09-25,C40201,Laptop,2,92.91,Cash,Returned,3,WINTER15,Instagram,185.82
2024-06-23,C75456,Monitor,3,92.22,Credit Card,Delivered,5,FREESHIP,Email,276.66
2024-06-09,C33315,Printer,3,562.55,Debit Card,Returned,6,Not Used,Email,1687.65
2023-03-22,C89336,Desk,1,92.79,Cash,Pending,3,WINTER15,Email,92.79
2023-06-03,C96034,Desk,4,30.27,Online,Delivered,9,FREESHIP,Google,121.08
2025-03-30,C50114,Monitor,2,49.08,Debit Card,Returned,7,FREESHIP,Instagram,98.16
2025-03-02,C85330,Desk,5,228.09,Gift Card,Returned,9,FREESHIP,Facebook,1140.45
2024-11-01,C31761,Chair,4,650.04,Gift Card,Cancelled,6,SAVE10,Facebook,2600.16
2025-03-04,C25268,Printer,1,665.11,Cash,Pending,3,FREESHIP,Instagram,665.11
2024-12-07,C17132,Desk,1,386.03,Online,Pending,4,FREESHIP,Google,386.03
2024-07-22,C48790,Laptop,5,21.54,Gift Card,Returned,10,Not Used,Google,107.7
2024-07-04,C61070,Tablet,2,475.78,Online,Shipped,2,WINTER15,Google,951.56
2024-01-09,C56969,Tablet,2,68.4,Gift Card,Pending,7,FREESHIP,Email,136.8
2025-06-21,C65056,Tablet,4,532.49,Online,Cancelled,6,SAVE10,Facebook,2129.96
2023-04-21,C84888,Laptop,1,51.73,Debit Card,Pending,1,FREESHIP,Facebook,51.73
2024-07-26,C68266,Printer,3,653.63,Online,Delivered,7,FREESHIP,Email,1960.89
2024-06-13,C84115,Chair,3,454.29,Credit Card,Pending,4,WINTER15,Google,1362.87
2023-10-16,C50087,Chair,3,122.11,Online,Delivered,4,WINTER15,Email,366.33
2023-04-08,C16790,Laptop,4,64.74,Gift Card,Cancelled,8,SAVE10,Google,258.96
2024-01-21,C46920,Laptop,2,681.06,Debit Card,Shipped,3,FREESHIP,Facebook,1362.12
2023-09-21,C12740,Desk,5,128.95,Cash,Pending,10,FREESHIP,Instagram,644.75
2024-03-18,C46557,Desk,2,118.59,Credit Card,Delivered,2,Not Used,Email,237.18
2024-11-15,C58156,Printer,1,95.1,Gift Card,Pending,1,WINTER15,Instagram,95.1
2023-12-09,C14455,Desk,3,54.95,Cash,Returned,8,SAVE10,Referral,164.85
2024-10-18,C63150,Printer,3,136.97,Credit Card,Returned,4,FREESHIP,Referral,410.91
2023-03-12,C95269,Chair,2,194.85,Gift Card,Returned,5,Not Used,Referral,389.7
2024-10-25,C18105,Laptop,4,583.02,Online,Delivered,4,FREESHIP,Facebook,2332.08
2024-09-29,C29063,Chair,5,95.75,Online,Shipped,8,SAVE10,Instagram,478.75
2024-07-29,C10154,Desk,4,325.76,Gift Card,Shipped,8,WINTER15,Email,1303.04
2023-09-08,C36997,Phone,4,186.41,Gift Card,Pending,6,SAVE10,Google,745.64
2025-02-22,C77357,Phone,1,474.6,Debit Card,Delivered,4,SAVE10,Email,474.6
2024-06-07,C71310,Printer,5,584.46,Credit Card,Returned,8,Not Used,Email,2922.3
2025-03-07,C80987,Laptop,1,132.05,Online,Delivered,2,Not Used,Google,132.05
2023-12-04,C90757,Tablet,4,494.84,Cash,Returned,8,SAVE10,Email,1979.36
2024-01-23,C51898,Printer,4,224.61,Credit Card,Returned,6,WINTER15,Facebook,898.44
2024-06-28,C94508,Monitor,4,44.07,Debit Card,Pending,6,Not Used,Email,176.28
2024-02-09,C59441,Monitor,5,418.53,Credit Card,Pending,6,FREESHIP,Google,2092.65
2024-01-03,C91029,Phone,4,532.87,Cash,Pending,9,FREESHIP,Instagram,2131.48
2025-06-04,C96261,Phone,2,485.37,Credit Card,Shipped,5,SAVE10,Email,970.74
2024-06-13,C35123,Phone,4,386.73,Cash,Delivered,4,SAVE10,Facebook,1546.92
2024-07-20,C10892,Desk,2,377.47,Cash,Pending,7,Not Used,Google,754.94
2025-01-23,C99683,Monitor,5,332.64,Gift Card,Delivered,10,Not Used,Referral,1663.2
2024-11-30,C41974,Laptop,3,699.93,Cash,Returned,7,SAVE10,Google,2099.79
2024-09-30,C23978,Monitor,1,576.35,Gift Card,Returned,1,WINTER15,Instagram,576.35
2024-06-12,C10642,Tablet,2,461.37,Cash,Delivered,5,SAVE10,Google,922.74
2023-03-02,C73813,Printer,4,111.3,Debit Card,Pending,7,FREESHIP,Email,445.2
2025-02-24,C32183,Desk,3,661.89,Online,Cancelled,6,WINTER15,Referral,1985.67
2025-03-12,C54277,Tablet,2,259.58,Debit Card,Delivered,7,FREESHIP,Instagram,519.16
2024-07-15,C56553,Tablet,3,70.81,Credit Card,Shipped,8,FREESHIP,Referral,212.43
2025-04-13,C17551,Laptop,1,518.39,Debit Card,Pending,4,FREESHIP,Instagram,518.39
2023-01-14,C14737,Tablet,4,145.41,Credit Card,Returned,7,FREESHIP,Email,581.64
2023-01-24,C35168,Tablet,2,599.86,Gift Card,Pending,7,FREESHIP,Facebook,1199.72
2024-10-03,C82217,Phone,4,429.37,Credit Card,Delivered,8,FREESHIP,Google,1717.48
2024-04-24,C42270,Phone,2,241.49,Debit Card,Returned,7,FREESHIP,Instagram,482.98
2025-05-31,C48846,Printer,2,452.05,Credit Card,Returned,3,WINTER15,Email,904.1
2023-06-13,C54160,Desk,3,336.71,Credit Card,Pending,4,Not Used,Email,1010.13
2024-06-27,C14080,Phone,1,283.69,Gift Card,Shipped,6,Not Used,Google,283.69
2024-02-22,C81074,Desk,1,157.72,Debit Card,Delivered,2,FREESHIP,Google,157.72
2023-03-26,C69021,Tablet,3,624.84,Credit Card,Cancelled,8,WINTER15,Facebook,1874.52
2023-07-24,C96283,Desk,3,308.01,Cash,Pending,3,FREESHIP,Facebook,924.03
2025-02-18,C96636,Desk,1,39.56,Debit Card,Cancelled,5,Not Used,Google,39.56
2023-06-02,C37235,Desk,4,37.76,Debit Card,Delivered,7,Not Used,Google,151.04
2024-09-17,C12444,Phone,3,76.96,Cash,Returned,8,FREESHIP,Email,230.88
2023-04-06,C79142,Laptop,1,569.96,Online,Delivered,4,FREESHIP,Email,569.96
2024-03-10,C35983,Laptop,5,627.43,Credit Card,Cancelled,10,FREESHIP,Email,3137.15
2023-10-06,C36150,Laptop,2,534.91,Debit Card,Returned,5,SAVE10,Google,1069.82
2023-01-22,C91454,Printer,2,278.88,Debit Card,Pending,3,FREESHIP,Referral,557.76
2025-04-18,C19368,Tablet,2,323.22,Credit Card,Delivered,7,Not Used,Instagram,646.44
2023-09-04,C35987,Tablet,5,653.46,Cash,Cancelled,9,WINTER15,Email,3267.3
2023-07-06,C13366,Printer,4,678.55,Cash,Delivered,5,Not Used,Email,2714.2
2024-02-11,C72166,Desk,1,314.38,Online,Returned,6,Not Used,Google,314.38
2024-06-12,C20357,Phone,3,692.44,Debit Card,Cancelled,8,FREESHIP,Google,2077.32
2024-07-28,C33802,Monitor,1,604.87,Online,Delivered,4,Not Used,Instagram,604.87
2025-06-28,C99205,Phone,2,512.33,Cash,Cancelled,7,Not Used,Facebook,1024.66
2025-04-15,C29701,Chair,3,20.54,Credit Card,Cancelled,3,FREESHIP,Instagram,61.62
2023-03-04,C73941,Phone,2,625.22,Online,Cancelled,5,Not Used,Google,1250.44
2023-08-21,C69168,Tablet,1,21.19,Cash,Returned,5,WINTER15,Google,21.19
2025-03-21,C66116,Chair,5,64.49,Online,Cancelled,7,Not Used,Facebook,322.45
2023-04-28,C85059,Laptop,4,246.85,Credit Card,Shipped,8,WINTER15,Google,987.4
2023-12-01,C18076,Phone,3,588.74,Debit Card,Pending,8,FREESHIP,Email,1766.22
2024-03-31,C41284,Laptop,4,184.48,Online,Cancelled,4,WINTER15,Google,737.92
2024-01-10,C43524,Phone,5,524.26,Gift Card,Delivered,5,FREESHIP,Referral,2621.3
2024-08-11,C58063,Monitor,2,493.63,Online,Returned,6,SAVE10,Referral,987.26
2025-05-26,C19937,Printer,1,438.34,Gift Card,Returned,5,FREESHIP,Facebook,438.34
2025-05-16,C21191,Laptop,1,325.81,Credit Card,Pending,1,WINTER15,Referral,325.81
2023-07-29,C45862,Chair,1,176.1,Credit Card,Pending,1,SAVE10,Instagram,176.1
2023-08-23,C39130,Chair,5,45.31,Online,Cancelled,8,Not Used,Referral,226.55
2024-03-17,C18167,Desk,4,221.96,Cash,Delivered,7,Not Used,Google,887.84
2023-11-02,C47307,Chair,2,601.43,Online,Pending,5,FREESHIP,Instagram,1202.86
2023-08-17,C57276,Tablet,5,691.28,Online,Delivered,10,SAVE10,Email,3456.4
2024-09-14,C38928,Laptop,4,417.89,Gift Card,Pending,4,Not Used,Google,1671.56
2024-01-13,C49710,Chair,4,409.28,Cash,Pending,8,Not Used,Email,1637.12
2023-06-16,C41709,Desk,2,356.35,Debit Card,Returned,6,WINTER15,Facebook,712.7
2024-04-15,C91255,Chair,5,170.22,Debit Card,Delivered,8,Not Used,Referral,851.1
2023-03-09,C76653,Printer,4,384.85,Online,Delivered,9,FREESHIP,Instagram,1539.4
2024-11-20,C95667,Laptop,4,115.77,Online,Pending,7,SAVE10,Instagram,463.08
2025-04-29,C33313,Phone,3,579.55,Gift Card,Returned,8,WINTER15,Facebook,1738.65
2023-02-27,C36825,Laptop,2,438.76,Debit Card,Returned,2,Not Used,Facebook,877.52
2025-05-19,C20861,Phone,5,488.35,Debit Card,Returned,9,FREESHIP,Email,2441.75
2023-04-16,C26364,Laptop,4,328.56,Debit Card,Returned,4,FREESHIP,Email,1314.24
2025-03-28,C34686,Tablet,1,68.39,Online,Returned,3,WINTER15,Facebook,68.39
2023-05-03,C97593,Printer,4,595.62,Debit Card,Pending,8,FREESHIP,Facebook,2382.48
2024-02-17,C84331,Chair,5,644.64,Gift Card,Cancelled,6,FREESHIP,Email,3223.2
2023-08-20,C88775,Monitor,5,397.81,Debit Card,Returned,5,SAVE10,Referral,1989.05
2024-01-01,C76362,Chair,3,236.5,Online,Delivered,8,FREESHIP,Email,709.5
2024-10-15,C59278,Laptop,5,472.01,Gift Card,Cancelled,10,SAVE10,Email,2360.05
2023-09-01,C55819,Chair,5,253.75,Online,Pending,9,WINTER15,Instagram,1268.75
2024-11-10,C82344,Monitor,3,676.21,Online,Delivered,5,SAVE10,Google,2028.63
2024-02-13,C65565,Desk,3,134.05,Credit Card,Shipped,3,Not Used,Google,402.15
2024-04-09,C80416,Desk,5,217.43,Debit Card,Shipped,10,SAVE10,Instagram,1087.15
2023-05-31,C23637,Tablet,1,553.56,Credit Card,Cancelled,5,Not Used,Referral,553.56
2023-11-05,C24769,Laptop,2,28.55,Gift Card,Shipped,7,SAVE10,Email,57.1
2024-01-26,C81547,Phone,2,255.26,Credit Card,Cancelled,6,FREESHIP,Google,510.52
2025-03-15,C12813,Laptop,5,292.54,Debit Card,Cancelled,8,FREESHIP,Email,1462.7
2024-12-11,C50732,Chair,4,147.51,Debit Card,Pending,4,WINTER15,Instagram,590.04
2024-08-04,C41320,Printer,3,569.84,Gift Card,Cancelled,8,WINTER15,Instagram,1709.52
2024-02-21,C55286,Tablet,5,574.79,Credit Card,Pending,8,WINTER15,Referral,2873.95
2023-10-05,C87994,Chair,4,598.19,Credit Card,Delivered,7,WINTER15,Email,2392.76
2023-03-02,C25580,Phone,4,390.84,Credit Card,Cancelled,9,WINTER15,Referral,1563.36
2024-09-28,C66196,Phone,2,398.45,Debit Card,Cancelled,7,SAVE10,Google,796.9
2023-05-27,C35377,Phone,5,623.81,Cash,Returned,6,FREESHIP,Email,3119.05
2024-12-14,C40771,Laptop,4,174.49,Credit Card,Delivered,5,SAVE10,Facebook,697.96
2025-03-15,C20624,Phone,1,479.56,Gift Card,Returned,1,SAVE10,Google,479.56
2024-10-07,C27070,Laptop,4,653.13,Credit Card,Shipped,8,WINTER15,Instagram,2612.52
2023-08-29,C18826,Monitor,3,481.1,Credit Card,Returned,3,FREESHIP,Facebook,1443.3
2025-03-26,C23899,Desk,5,271.69,Online,Returned,7,FREESHIP,Instagram,1358.45
2025-03-08,C43249,Printer,3,463.81,Online,Returned,8,WINTER15,Email,1391.43
2023-05-25,C95856,Tablet,2,639.88,Cash,Delivered,5,WINTER15,Instagram,1279.76
2024-07-24,C86266,Chair,4,404.58,Cash,Shipped,5,FREESHIP,Instagram,1618.32
2023-02-05,C39551,Monitor,1,76.93,Debit Card,Delivered,6,WINTER15,Instagram,76.93
2024-12-11,C90310,Tablet,4,190.64,Cash,Delivered,5,SAVE10,Email,762.56
2023-12-18,C20124,Printer,2,88.73,Online,Pending,5,Not Used,Google,177.46
2024-03-12,C63372,Chair,5,485.71,Online,Pending,10,SAVE10,Referral,2428.55
2025-03-14,C90595,Phone,5,78.29,Credit Card,Shipped,5,WINTER15,Referral,391.45
2024-04-11,C98483,Printer,5,22.14,Cash,Returned,10,Not Used,Instagram,110.7
2024-03-26,C16429,Desk,1,679.65,Debit Card,Shipped,6,FREESHIP,Google,679.65
2023-02-02,C31810,Phone,1,178.44,Credit Card,Cancelled,2,FREESHIP,Google,178.44
2025-06-14,C88029,Chair,5,655.55,Online,Delivered,5,Not Used,Email,3277.75
2024-04-11,C57798,Desk,4,577.08,Online,Pending,8,Not Used,Facebook,2308.32
2023-08-24,C82858,Chair,3,197.97,Online,Cancelled,5,Not Used,Google,593.91
2024-01-14,C60699,Chair,3,411.95,Credit Card,Delivered,7,FREESHIP,Referral,1235.85
2024-09-19,C94658,Printer,2,443.22,Credit Card,Delivered,5,Not Used,Facebook,886.44
2025-05-07,C78305,Laptop,3,364.14,Online,Pending,7,WINTER15,Referral,1092.42
2025-05-13,C43538,Desk,3,430.06,Gift Card,Cancelled,8,FREESHIP,Instagram,1290.18
2024-12-04,C47486,Chair,1,320.92,Online,Returned,5,FREESHIP,Facebook,320.92
2023-10-08,C24212,Phone,3,107.36,Gift Card,Delivered,5,FREESHIP,Google,322.08
2024-07-04,C24765,Desk,2,359.86,Debit Card,Cancelled,4,Not Used,Referral,719.72
2024-11-18,C48176,Printer,4,434.23,Online,Shipped,8,FREESHIP,Email,1736.92
2023-01-01,C54675,Chair,2,645.85,Online,Shipped,5,Not Used,Referral,1291.7
2025-06-09,C16675,Printer,4,214.35,Debit Card,Cancelled,7,WINTER15,Referral,857.4
2025-04-27,C38557,Monitor,3,638.5,Debit Card,Cancelled,4,FREESHIP,Instagram,1915.5
2023-12-12,C80183,Laptop,1,365.57,Online,Cancelled,5,SAVE10,Email,365.57
2024-10-24,C39530,Desk,3,568.05,Gift Card,Pending,6,SAVE10,Google,1704.15
2023-10-16,C10002,Printer,3,490.01,Cash,Returned,4,SAVE10,Facebook,1470.03
2025-06-13,C56938,Laptop,3,372.6,Credit Card,Delivered,7,WINTER15,Referral,1117.8
2023-05-25,C41331,Monitor,5,240.61,Credit Card,Shipped,10,FREESHIP,Email,1203.05
2024-06-03,C94698,Phone,1,586.62,Debit Card,Shipped,5,Not Used,Facebook,586.62
2024-03-10,C56506,Phone,3,257.84,Online,Delivered,4,Not Used,Instagram,773.52
2023-08-20,C22167,Tablet,5,435.66,Online,Pending,9,Not Used,Facebook,2178.3
2024-08-28,C11127,Chair,5,261.33,Credit Card,Returned,5,SAVE10,Referral,1306.65
2024-01-23,C69542,Printer,1,422.54,Cash,Delivered,1,SAVE10,Google,422.54
2023-03-19,C93276,Desk,5,330.45,Gift Card,Shipped,10,FREESHIP,Google,1652.25
2023-12-02,C37969,Desk,3,120.82,Credit Card,Shipped,5,SAVE10,Referral,362.46
2024-05-20,C98276,Phone,1,14.06,Credit Card,Pending,5,SAVE10,Referral,14.06
2023-05-03,C14240,Desk,1,491.11,Credit Card,Delivered,4,SAVE10,Facebook,491.11
2023-04-30,C72241,Monitor,4,677.37,Cash,Pending,8,SAVE10,Google,2709.48
2024-07-26,C39664,Desk,5,189.25,Debit Card,Cancelled,10,WINTER15,Email,946.25
2024-05-26,C53252,Printer,4,142.58,Cash,Delivered,4,FREESHIP,Facebook,570.32
2024-06-29,C70452,Monitor,4,316.32,Debit Card,Delivered,7,Not Used,Facebook,1265.28
2024-03-17,C29905,Desk,2,533.95,Online,Delivered,5,WINTER15,Google,1067.9
2025-06-01,C78725,Phone,4,470.09,Debit Card,Delivered,4,FREESHIP,Google,1880.36
2024-05-16,C93768,Tablet,3,324.3,Debit Card,Pending,8,FREESHIP,Email,972.9
2023-07-10,C59169,Chair,4,629.34,Cash,Shipped,7,Not Used,Email,2517.36
2024-05-12,C53488,Desk,3,136.84,Cash,Delivered,3,SAVE10,Facebook,410.52
2023-10-31,C92180,Chair,2,488.9,Cash,Delivered,7,FREESHIP,Facebook,977.8
2023-08-03,C25918,Laptop,5,133.39,Credit Card,Delivered,6,FREESHIP,Referral,666.95
2024-06-09,C90363,Chair,5,608.91,Gift Card,Pending,6,SAVE10,Google,3044.55
2024-07-25,C43867,Tablet,1,524.06,Debit Card,Pending,3,FREESHIP,Email,524.06
2023-06-01,C73873,Desk,2,330.69,Online,Cancelled,5,SAVE10,Google,661.38
2025-04-08,C56622,Phone,2,547.67,Gift Card,Shipped,3,Not Used,Instagram,1095.34
2025-03-12,C85074,Laptop,4,233.7,Online,Shipped,8,SAVE10,Facebook,934.8
2023-01-03,C59579,Tablet,2,448.85,Credit Card,Pending,6,Not Used,Instagram,897.7
2025-06-28,C43335,Phone,2,274.12,Cash,Delivered,6,FREESHIP,Referral,548.24
2025-05-13,C43595,Printer,5,561.48,Online,Delivered,9,FREESHIP,Facebook,2807.4
2024-05-15,C71471,Chair,1,595.54,Gift Card,Shipped,4,Not Used,Instagram,595.54
2024-04-07,C61090,Laptop,4,515.59,Credit Card,Shipped,7,FREESHIP,Google,2062.36
2023-10-25,C29620,Phone,1,460.13,Credit Card,Returned,1,Not Used,Google,460.13
2024-12-19,C67932,Chair,3,171.66,Debit Card,Delivered,7,Not Used,Google,514.98
2024-07-23,C14427,Laptop,2,266.95,Credit Card,Pending,3,Not Used,Instagram,533.9
2024-10-27,C36725,Monitor,5,650.72,Credit Card,Cancelled,8,WINTER15,Email,3253.6
2023-08-11,C51921,Laptop,3,439.53,Debit Card,Pending,5,Not Used,Google,1318.59
2023-11-11,C36534,Monitor,3,654.54,Cash,Returned,7,SAVE10,Referral,1963.62
2024-06-04,C72043,Desk,1,394.53,Cash,Shipped,2,FREESHIP,Referral,394.53
2023-03-21,C99533,Monitor,1,678.01,Cash,Pending,4,FREESHIP,Referral,678.01
2023-05-23,C90852,Tablet,3,575.01,Online,Cancelled,8,WINTER15,Instagram,1725.03
2023-11-09,C81882,Chair,3,154.64,Debit Card,Pending,6,WINTER15,Facebook,463.92
2024-10-18,C85466,Desk,3,147.29,Gift Card,Shipped,3,FREESHIP,Google,441.87
2024-09-03,C87995,Laptop,4,481.48,Gift Card,Delivered,5,SAVE10,Instagram,1925.92
2025-03-05,C44619,Monitor,3,158.37,Cash,Shipped,6,Not Used,Referral,475.11
2025-04-23,C99904,Printer,2,323.37,Online,Pending,3,SAVE10,Instagram,646.74
2025-02-07,C52342,Laptop,5,73.83,Debit Card,Pending,9,Not Used,Instagram,369.15
2024-04-28,C44277,Tablet,1,458.63,Debit Card,Returned,4,WINTER15,Referral,458.63
2024-07-13,C61162,Monitor,4,180.25,Debit Card,Cancelled,7,Not Used,Facebook,721.0
2023-05-17,C80868,Monitor,3,473.49,Credit Card,Pending,7,Not Used,Email,1420.47
2025-02-05,C16693,Monitor,4,237.43,Cash,Cancelled,8,WINTER15,Referral,949.72
2023-11-23,C67818,Laptop,1,442.39,Gift Card,Pending,6,FREESHIP,Facebook,442.39
2024-09-03,C49938,Monitor,1,62.12,Cash,Returned,2,Not Used,Email,62.12
2024-08-04,C90898,Desk,5,298.39,Gift Card,Cancelled,7,WINTER15,Referral,1491.95
2025-05-06,C35117,Desk,2,697.93,Credit Card,Cancelled,2,SAVE10,Google,1395.86
2024-05-27,C60203,Tablet,2,291.85,Cash,Shipped,5,FREESHIP,Instagram,583.7
2024-05-31,C36174,Printer,3,308.98,Cash,Delivered,3,SAVE10,Instagram,926.94
2024-08-13,C80872,Desk,5,396.86,Cash,Cancelled,9,SAVE10,Instagram,1984.3
2024-01-22,C67604,Desk,2,139.69,Online,Returned,7,FREESHIP,Email,279.38
2023-02-16,C45599,Printer,5,475.95,Credit Card,Returned,8,WINTER15,Facebook,2379.75
2025-02-10,C70352,Desk,1,626.6,Gift Card,Returned,4,WINTER15,Facebook,626.6
2024-02-16,C20643,Laptop,4,502.99,Debit Card,Shipped,4,WINTER15,Referral,2011.96
2024-06-21,C35669,Printer,5,578.83,Cash,Returned,6,Not Used,Referral,2894.15
2025-01-20,C65524,Laptop,5,383.82,Credit Card,Returned,7,FREESHIP,Google,1919.1
2025-06-24,C74359,Laptop,5,368.25,Online,Delivered,5,Not Used,Instagram,1841.25
2025-02-07,C92086,Printer,2,374.6,Online,Shipped,3,FREESHIP,Referral,749.2
2025-03-12,C26137,Tablet,2,428.09,Credit Card,Returned,6,Not Used,Instagram,856.18
2023-07-24,C90573,Tablet,1,438.93,Gift Card,Cancelled,3,SAVE10,Referral,438.93
2024-06-17,C81857,Desk,2,563.82,Credit Card,Pending,3,Not Used,Instagram,1127.64
2023-02-11,C91582,Printer,3,649.93,Credit Card,Pending,7,WINTER15,Facebook,1949.79
2025-03-22,C81319,Printer,5,268.43,Cash,Returned,5,SAVE10,Email,1342.15
2024-12-20,C78500,Monitor,5,502.47,Online,Shipped,10,WINTER15,Email,2512.35
2024-03-20,C67533,Desk,1,26.95,Cash,Delivered,1,WINTER15,Email,26.95
2023-02-14,C35566,Laptop,4,64.69,Debit Card,Shipped,7,WINTER15,Google,258.76
2024-05-09,C77166,Laptop,3,247.11,Debit Card,Returned,3,WINTER15,Referral,741.33
2024-10-16,C67936,Tablet,2,536.25,Debit Card,Pending,3,Not Used,Email,1072.5
2024-12-16,C59554,Phone,2,456.04,Debit Card,Returned,4,FREESHIP,Email,912.08
2024-01-01,C14005,Printer,2,40.23,Credit Card,Cancelled,4,SAVE10,Google,80.46
2023-03-26,C26118,Laptop,2,72.39,Online,Delivered,7,WINTER15,Instagram,144.78
2023-01-26,C59685,Monitor,2,394.16,Online,Shipped,2,Not Used,Referral,788.32
2025-06-01,C40304,Laptop,4,119.84,Gift Card,Shipped,8,FREESHIP,Referral,479.36
2023-11-24,C39593,Phone,3,692.71,Credit Card,Delivered,3,FREESHIP,Instagram,2078.13
2024-01-12,C50612,Chair,4,56.66,Online,Delivered,4,SAVE10,Instagram,226.64
2024-01-16,C39791,Chair,2,298.53,Debit Card,Cancelled,5,WINTER15,Email,597.06
2023-07-12,C39017,Chair,3,331.46,Credit Card,Cancelled,6,WINTER15,Referral,994.38
2025-04-16,C48510,Laptop,2,521.4,Cash,Delivered,7,SAVE10,Instagram,1042.8
2023-03-27,C74003,Printer,4,305.32,Online,Cancelled,4,SAVE10,Google,1221.28
2023-07-17,C91155,Printer,5,111.7,Credit Card,Cancelled,9,FREESHIP,Email,558.5
2023-09-29,C17591,Tablet,1,479.76,Credit Card,Pending,1,Not Used,Email,479.76
2023-12-27,C43330,Monitor,3,193.49,Gift Card,Returned,6,FREESHIP,Facebook,580.47
2024-12-16,C32687,Laptop,2,426.22,Online,Delivered,7,WINTER15,Google,852.44
2023-08-20,C79722,Tablet,5,276.44,Gift Card,Shipped,10,FREESHIP,Referral,1382.2
2024-05-04,C65021,Phone,2,404.96,Cash,Shipped,4,SAVE10,Email,809.92
2023-09-07,C85520,Phone,4,465.66,Online,Returned,9,FREESHIP,Email,1862.64
2024-06-21,C94569,Phone,2,594.07,Gift Card,Cancelled,2,Not Used,Google,1188.14
2023-11-09,C55778,Desk,5,110.38,Cash,Pending,10,Not Used,Referral,551.9
2024-05-31,C19722,Laptop,1,596.24,Credit Card,Returned,4,FREESHIP,Instagram,596.24
2024-07-22,C74928,Printer,2,306.24,Online,Returned,4,FREESHIP,Email,612.48
2025-02-27,C49111,Monitor,3,503.39,Online,Pending,5,Not Used,Facebook,1510.17
2023-02-06,C43721,Phone,1,131.61,Cash,Shipped,2,FREESHIP,Facebook,131.61
2024-10-22,C68609,Chair,3,443.44,Gift Card,Shipped,3,FREESHIP,Google,1330.32
2023-01-23,C82068,Chair,1,408.13,Gift Card,Shipped,3,WINTER15,Instagram,408.13
2024-04-11,C21191,Phone,2,160.98,Debit Card,Delivered,3,SAVE10,Referral,321.96
2023-01-12,C73575,Monitor,5,643.89,Cash,Returned,8,WINTER15,Facebook,3219.45
2023-05-13,C82685,Desk,3,158.66,Gift Card,Delivered,7,WINTER15,Email,475.98
2024-04-13,C73996,Tablet,2,143.82,Credit Card,Returned,6,SAVE10,Instagram,287.64
2023-12-11,C87687,Laptop,3,379.07,Gift Card,Pending,3,WINTER15,Google,1137.21
2024-11-11,C55464,Phone,1,601.36,Online,Shipped,1,Not Used,Facebook,601.36
2024-09-06,C12459,Phone,2,142.08,Gift Card,Delivered,4,SAVE10,Referral,284.16
2024-03-11,C88075,Chair,5,530.34,Online,Shipped,9,FREESHIP,Google,2651.7
2023-08-20,C18583,Phone,5,364.42,Credit Card,Cancelled,10,SAVE10,Referral,1822.1
2025-06-18,C70412,Laptop,4,578.28,Gift Card,Cancelled,5,FREESHIP,Email,2313.12
2025-05-20,C58503,Monitor,5,280.52,Credit Card,Cancelled,7,WINTER15,Facebook,1402.6
2025-05-06,C52879,Tablet,5,638.92,Credit Card,Returned,5,FREESHIP,Google,3194.6
2024-02-08,C67870,Monitor,4,412.2,Credit Card,Shipped,6,WINTER15,Referral,1648.8
2025-06-05,C19439,Desk,1,440.34,Gift Card,Shipped,2,WINTER15,Facebook,440.34
2024-09-07,C72664,Desk,1,627.15,Cash,Delivered,5,SAVE10,Instagram,627.15
2024-05-27,C32650,Monitor,2,605.26,Cash,Cancelled,4,WINTER15,Referral,1210.52
2024-06-09,C66438,Laptop,1,90.27,Cash,Delivered,5,SAVE10,Facebook,90.27
2025-06-09,C70010,Desk,5,230.77,Online,Pending,10,WINTER15,Referral,1153.85
2023-09-27,C30722,Desk,5,266.78,Gift Card,Cancelled,5,Not Used,Email,1333.9
2023-05-18,C70529,Desk,1,105.92,Gift Card,Returned,6,SAVE10,Email,105.92
2024-04-04,C18984,Tablet,3,589.3,Credit Card,Returned,6,WINTER15,Referral,1767.9
2023-01-28,C85841,Chair,4,649.47,Cash,Pending,8,SAVE10,Google,2597.88
2024-06-25,C41508,Printer,4,107.49,Cash,Delivered,5,Not Used,Google,429.96
2023-05-31,C75018,Monitor,3,669.06,Cash,Delivered,7,SAVE10,Facebook,2007.18
2023-10-14,C84320,Chair,3,69.65,Cash,Delivered,7,WINTER15,Instagram,208.95
2023-11-26,C12609,Phone,4,136.83,Debit Card,Pending,8,SAVE10,Email,547.32
2024-09-06,C64935,Monitor,1,304.11,Gift Card,Shipped,2,SAVE10,Referral,304.11
2024-11-24,C67528,Monitor,4,296.28,Gift Card,Shipped,5,SAVE10,Email,1185.12
2025-02-28,C44176,Desk,1,77.64,Credit Card,Shipped,1,FREESHIP,Facebook,77.64
2024-07-20,C92788,Desk,1,243.71,Gift Card,Delivered,6,SAVE10,Google,243.71
2024-09-07,C69213,Laptop,4,644.96,Credit Card,Pending,7,FREESHIP,Email,2579.84
2025-06-05,C67387,Phone,5,283.73,Gift Card,Pending,8,FREESHIP,Instagram,1418.65
2025-02-04,C90318,Desk,2,629.56,Gift Card,Cancelled,5,WINTER15,Instagram,1259.12
2023-03-23,C49995,Laptop,4,246.11,Credit Card,Pending,4,SAVE10,Instagram,984.44
2023-11-19,C52313,Phone,2,418.26,Debit Card,Pending,2,SAVE10,Google,836.52
2024-05-09,C10211,Desk,5,127.18,Debit Card,Cancelled,10,FREESHIP,Google,635.9
2024-08-27,C97907,Printer,3,586.21,Gift Card,Pending,4,WINTER15,Referral,1758.63
2024-04-06,C61384,Monitor,3,267.45,Gift Card,Delivered,5,WINTER15,Instagram,802.35
2024-06-27,C27613,Tablet,4,615.65,Debit Card,Delivered,9,WINTER15,Google,2462.6
2023-11-18,C99271,Monitor,2,113.29,Cash,Pending,5,SAVE10,Facebook,226.58
2024-04-28,C28648,Monitor,4,473.86,Debit Card,Delivered,7,SAVE10,Facebook,1895.44
2023-11-27,C26210,Laptop,3,444.75,Cash,Delivered,6,SAVE10,Facebook,1334.25
2023-05-19,C90350,Phone,2,183.67,Debit Card,Cancelled,6,SAVE10,Google,367.34
2023-12-24,C61957,Printer,1,483.38,Cash,Pending,6,FREESHIP,Google,483.38
2023-06-21,C90132,Printer,5,260.93,Online,Delivered,9,SAVE10,Email,1304.65
2023-12-08,C31371,Printer,2,253.68,Gift Card,Shipped,6,Not Used,Referral,507.36
2025-06-19,C83911,Tablet,4,699.88,Cash,Pending,5,WINTER15,Referral,2799.52
2023-01-11,C84700,Printer,5,319.97,Cash,Shipped,7,SAVE10,Google,1599.85
2025-06-09,C87529,Chair,4,246.91,Online,Pending,8,SAVE10,Referral,987.64
2023-03-02,C38065,Printer,3,392.85,Credit Card,Returned,6,Not Used,Google,1178.55
2024-05-27,C27435,Tablet,5,420.98,Cash,Delivered,7,SAVE10,Facebook,2104.9
2024-03-20,C46651,Monitor,2,73.26,Cash,Pending,4,WINTER15,Facebook,146.52
2023-01-13,C62557,Monitor,3,410.88,Cash,Delivered,8,FREESHIP,Instagram,1232.64
2023-09-02,C54494,Tablet,2,176.46,Credit Card,Delivered,2,FREESHIP,Email,352.92
2023-03-31,C33729,Monitor,3,659.57,Credit Card,Cancelled,6,SAVE10,Email,1978.71
2024-12-03,C47823,Phone,2,478.36,Online,Shipped,3,Not Used,Google,956.72
2024-12-03,C84570,Printer,4,30.05,Online,Returned,6,Not Used,Facebook,120.2
2025-04-26,C91123,Laptop,4,300.56,Cash,Cancelled,9,FREESHIP,Facebook,1202.24
2024-02-04,C92548,Tablet,5,226.45,Debit Card,Returned,6,FREESHIP,Email,1132.25
2024-01-26,C97454,Printer,2,349.4,Online,Shipped,2,SAVE10,Instagram,698.8
2023-12-29,C20257,Tablet,5,268.78,Debit Card,Delivered,7,WINTER15,Email,1343.9
2024-08-25,C51694,Chair,2,680.85,Gift Card,Delivered,6,FREESHIP,Referral,1361.7
2023-07-08,C77499,Laptop,3,182.48,Cash,Delivered,3,Not Used,Instagram,547.44
2024-04-06,C28386,Desk,1,277.09,Cash,Returned,2,SAVE10,Referral,277.09
2024-04-22,C50211,Tablet,2,26.5,Online,Delivered,3,SAVE10,Instagram,53.0
2023-10-23,C74519,Phone,3,315.27,Credit Card,Cancelled,4,SAVE10,Email,945.81
2025-02-24,C19071,Tablet,3,450.98,Credit Card,Shipped,8,SAVE10,Referral,1352.94
2024-09-23,C65251,Laptop,5,233.67,Cash,Shipped,10,Not Used,Referral,1168.35
2024-01-29,C90612,Chair,3,367.75,Cash,Pending,7,FREESHIP,Facebook,1103.25
2025-05-17,C28406,Chair,1,23.53,Gift Card,Delivered,2,FREESHIP,Instagram,23.53
2023-05-01,C55454,Monitor,1,677.48,Online,Delivered,1,WINTER15,Facebook,677.48
2024-05-21,C93467,Laptop,4,554.83,Cash,Returned,6,Not Used,Google,2219.32
2023-02-17,C60042,Desk,4,440.31,Cash,Cancelled,6,Not Used,Instagram,1761.24
2025-03-01,C44733,Desk,1,87.06,Credit Card,Shipped,4,FREESHIP,Email,87.06
2023-10-02,C61773,Phone,4,245.28,Credit Card,Delivered,6,WINTER15,Email,981.12
2023-02-28,C59183,Phone,5,664.51,Debit Card,Pending,8,SAVE10,Email,3322.55
2023-04-20,C26188,Chair,1,618.68,Online,Delivered,6,WINTER15,Referral,618.68
2024-12-24,C20338,Monitor,1,370.85,Gift Card,Delivered,2,FREESHIP,Referral,370.85
2024-06-16,C84524,Printer,4,517.98,Cash,Cancelled,8,FREESHIP,Facebook,2071.92
2023-11-12,C70315,Laptop,4,506.11,Cash,Cancelled,5,Not Used,Referral,2024.44
2024-05-31,C98278,Phone,3,413.83,Gift Card,Shipped,8,SAVE10,Facebook,1241.49
2023-12-13,C32347,Printer,1,249.81,Cash,Pending,1,SAVE10,Google,249.81
2025-03-15,C77961,Tablet,3,362.53,Debit Card,Returned,5,Not Used,Facebook,1087.59
2025-06-28,C49137,Desk,2,299.23,Credit Card,Cancelled,2,WINTER15,Instagram,598.46
2023-11-15,C13169,Tablet,1,536.07,Debit Card,Delivered,5,FREESHIP,Google,536.07
2023-02-11,C21167,Monitor,4,558.9,Gift Card,Shipped,9,WINTER15,Google,2235.6
2024-12-09,C59724,Tablet,2,409.75,Debit Card,Shipped,2,WINTER15,Facebook,819.5
2025-01-11,C43965,Tablet,2,179.96,Gift Card,Shipped,5,Not Used,Instagram,359.92
2025-06-22,C63018,Printer,1,38.49,Credit Card,Delivered,4,FREESHIP,Referral,38.49
2024-09-20,C11893,Laptop,5,316.4,Gift Card,Returned,7,Not Used,Email,1582.0
2024-10-07,C85421,Tablet,3,547.15,Online,Shipped,4,WINTER15,Instagram,1641.45
2023-06-23,C81726,Chair,4,540.34,Gift Card,Shipped,6,WINTER15,Referral,2161.36
2024-09-09,C57601,Monitor,4,73.65,Debit Card,Shipped,9,Not Used,Google,294.6
2024-07-18,C60575,Desk,5,391.86,Credit Card,Shipped,6,Not Used,Instagram,1959.3
2023-08-20,C70659,Laptop,5,69.7,Online,Returned,9,Not Used,Instagram,348.5
2025-03-05,C35043,Monitor,5,26.43,Gift Card,Shipped,5,FREESHIP,Facebook,132.15
2023-09-11,C12301,Tablet,1,531.74,Online,Shipped,1,WINTER15,Google,531.74
2024-09-15,C32798,Phone,2,496.62,Online,Pending,2,SAVE10,Instagram,993.24
2023-11-29,C42949,Printer,1,660.66,Debit Card,Delivered,3,WINTER15,Instagram,660.66
2023-10-23,C10787,Monitor,4,274.82,Debit Card,Delivered,9,WINTER15,Email,1099.28
2024-06-14,C26152,Phone,2,486.35,Online,Pending,6,SAVE10,Referral,972.7
2024-09-24,C46210,Laptop,3,428.88,Debit Card,Shipped,3,WINTER15,Facebook,1286.64
2023-09-08,C32943,Desk,2,412.14,Credit Card,Returned,2,FREESHIP,Instagram,824.28
2024-09-22,C73629,Desk,1,265.64,Credit Card,Returned,3,WINTER15,Instagram,265.64
2024-05-07,C38024,Tablet,2,273.43,Cash,Shipped,7,WINTER15,Referral,546.86
2025-01-29,C25445,Laptop,5,131.7,Cash,Shipped,8,FREESHIP,Google,658.5
2023-08-23,C13501,Chair,5,85.52,Gift Card,Cancelled,5,Not Used,Facebook,427.6
2024-06-19,C42108,Desk,2,320.68,Credit Card,Shipped,5,FREESHIP,Referral,641.36
2025-02-12,C32121,Laptop,4,198.81,Cash,Returned,9,FREESHIP,Referral,795.24
2023-10-30,C47778,Printer,5,666.8,Debit Card,Delivered,7,SAVE10,Referral,3334.0
2023-12-20,C10791,Desk,1,355.09,Debit Card,Cancelled,5,SAVE10,Instagram,355.09
2023-06-06,C78959,Phone,2,316.2,Online,Returned,2,Not Used,Instagram,632.4
2024-08-03,C29914,Laptop,1,133.39,Debit Card,Shipped,2,SAVE10,Referral,133.39
2023-02-25,C70506,Monitor,1,454.23,Gift Card,Returned,3,Not Used,Facebook,454.23
2024-09-06,C46873,Desk,4,491.29,Debit Card,Pending,6,Not Used,Email,1965.16
2025-06-24,C94037,Phone,2,255.14,Cash,Shipped,2,Not Used,Google,510.28
2023-02-26,C88644,Monitor,1,392.61,Gift Card,Cancelled,4,SAVE10,Referral,392.61
2024-10-11,C69471,Tablet,4,362.06,Debit Card,Returned,4,Not Used,Facebook,1448.24
2024-05-10,C21437,Phone,1,222.73,Online,Returned,4,Not Used,Google,222.73
2024-08-31,C40949,Monitor,2,552.63,Debit Card,Delivered,7,WINTER15,Instagram,1105.26
2023-05-08,C99116,Laptop,4,686.61,Cash,Shipped,6,Not Used,Referral,2746.44
2025-03-07,C57861,Printer,3,305.16,Credit Card,Cancelled,8,SAVE10,Referral,915.48
2023-03-18,C62627,Desk,1,41.09,Online,Returned,4,WINTER15,Email,41.09
2024-06-20,C89979,Phone,5,634.0,Gift Card,Delivered,8,Not Used,Email,3170.0
2023-01-20,C70613,Laptop,5,464.74,Gift Card,Delivered,7,Not Used,Referral,2323.7
2023-04-21,C55636,Monitor,4,425.6,Credit Card,Pending,5,FREESHIP,Google,1702.4
2023-10-06,C96595,Chair,3,573.22,Debit Card,Pending,5,SAVE10,Email,1719.66
2024-07-09,C68508,Chair,1,123.28,Credit Card,Delivered,3,SAVE10,Email,123.28
2023-01-08,C45175,Phone,1,70.82,Gift Card,Pending,1,WINTER15,Instagram,70.82
2023-05-21,C28049,Printer,2,646.69,Debit Card,Shipped,7,WINTER15,Instagram,1293.38
2023-12-23,C46967,Tablet,2,513.42,Online,Pending,5,WINTER15,Instagram,1026.84
2025-03-23,C84134,Laptop,4,693.07,Online,Shipped,8,SAVE10,Instagram,2772.28
2023-11-30,C49831,Desk,3,491.43,Gift Card,Shipped,6,WINTER15,Instagram,1474.29
2025-03-15,C13324,Tablet,2,599.74,Gift Card,Shipped,2,Not Used,Instagram,1199.48
2023-02-25,C61225,Monitor,2,650.25,Gift Card,Returned,6,Not Used,Instagram,1300.5
2024-10-08,C16400,Laptop,3,209.48,Debit Card,Pending,4,Not Used,Email,628.44
2023-08-21,C38642,Laptop,5,209.2,Debit Card,Delivered,6,WINTER15,Email,1046.0
2023-06-09,C86773,Phone,4,197.36,Gift Card,Returned,9,FREESHIP,Instagram,789.44
2023-06-28,C66093,Printer,4,648.91,Credit Card,Shipped,6,SAVE10,Instagram,2595.64
2024-04-23,C33051,Phone,2,441.54,Online,Delivered,2,SAVE10,Email,883.08
2025-05-03,C18169,Tablet,2,464.92,Debit Card,Returned,2,Not Used,Facebook,929.84
2024-12-26,C81370,Monitor,5,506.45,Gift Card,Shipped,7,WINTER15,Google,2532.25
2023-06-17,C91103,Monitor,4,255.86,Credit Card,Delivered,7,Not Used,Email,1023.44
2024-09-19,C21953,Laptop,2,125.23,Cash,Cancelled,3,FREESHIP,Email,250.46
2023-08-17,C15146,Laptop,5,38.11,Debit Card,Cancelled,6,WINTER15,Instagram,190.55
2025-06-08,C43546,Monitor,3,161.97,Cash,Pending,4,SAVE10,Email,485.91
2024-06-03,C98474,Chair,4,347.17,Debit Card,Shipped,8,Not Used,Instagram,1388.68
2023-04-24,C90292,Laptop,4,276.32,Online,Delivered,5,Not Used,Google,1105.28
2024-07-25,C17075,Tablet,4,314.76,Online,Shipped,8,Not Used,Instagram,1259.04
2024-01-08,C12487,Tablet,3,475.69,Gift Card,Cancelled,3,FREESHIP,Google,1427.07
2023-03-12,C34555,Chair,1,372.8,Cash,Cancelled,6,SAVE10,Facebook,372.8
2025-06-30,C25110,Tablet,2,63.21,Online,Cancelled,4,SAVE10,Google,126.42
2023-03-20,C35136,Laptop,1,634.94,Online,Cancelled,5,WINTER15,Instagram,634.94
2024-04-08,C62277,Printer,4,77.47,Gift Card,Returned,7,SAVE10,Instagram,309.88
2024-02-25,C12472,Chair,3,84.31,Credit Card,Shipped,3,SAVE10,Email,252.93
2023-05-06,C24047,Monitor,4,234.45,Online,Cancelled,9,FREESHIP,Instagram,937.8
2023-10-13,C76929,Desk,1,356.81,Online,Delivered,1,WINTER15,Instagram,356.81
2023-03-19,C52914,Desk,4,209.99,Cash,Delivered,8,Not Used,Google,839.96
2023-03-16,C55164,Tablet,3,659.88,Gift Card,Cancelled,3,Not Used,Google,1979.64
2025-06-20,C70426,Laptop,2,336.32,Online,Returned,3,Not Used,Google,672.64
2023-10-14,C69149,Printer,2,531.49,Credit Card,Delivered,7,WINTER15,Facebook,1062.98
2024-05-20,C78684,Chair,3,588.44,Gift Card,Shipped,8,WINTER15,Google,1765.32
2024-05-24,C58168,Phone,3,251.48,Credit Card,Returned,4,Not Used,Email,754.44
2024-11-24,C99024,Laptop,1,684.65,Credit Card,Delivered,1,FREESHIP,Email,684.65
2025-05-10,C22919,Tablet,1,195.86,Online,Pending,3,Not Used,Facebook,195.86
2023-05-28,C98354,Phone,3,50.34,Gift Card,Returned,3,FREESHIP,Instagram,151.02
2023-06-07,C38840,Monitor,5,678.19,Online,Returned,8,Not Used,Facebook,3390.95
2023-04-14,C68936,Tablet,3,554.25,Debit Card,Shipped,6,WINTER15,Referral,1662.75
2023-05-09,C33744,Chair,4,576.87,Gift Card,Returned,5,Not Used,Instagram,2307.48
2023-10-16,C23555,Desk,4,408.36,Gift Card,Cancelled,4,FREESHIP,Referral,1633.44
2024-07-22,C34337,Phone,5,190.11,Cash,Delivered,7,SAVE10,Google,950.55
2025-03-15,C69396,Printer,3,602.75,Credit Card,Shipped,6,SAVE10,Email,1808.25
2023-08-17,C49198,Monitor,3,646.79,Cash,Cancelled,5,WINTER15,Google,1940.37
2023-06-11,C43911,Chair,4,418.71,Cash,Pending,8,FREESHIP,Instagram,1674.84
2025-02-16,C24347,Laptop,2,323.45,Credit Card,Returned,5,FREESHIP,Instagram,646.9
2024-07-18,C21043,Phone,1,694.5,Credit Card,Pending,3,WINTER15,Facebook,694.5
2024-12-02,C58858,Chair,2,337.32,Credit Card,Cancelled,4,SAVE10,Email,674.64
2024-04-09,C20670,Printer,2,467.91,Gift Card,Returned,5,WINTER15,Facebook,935.82
2024-06-08,C90993,Desk,4,38.28,Debit Card,Cancelled,4,WINTER15,Facebook,153.12
2023-12-28,C11473,Printer,2,73.41,Online,Shipped,2,SAVE10,Google,146.82
2023-09-24,C71899,Tablet,3,668.33,Gift Card,Pending,4,WINTER15,Facebook,2004.99
2024-07-29,C48577,Printer,4,410.21,Cash,Pending,5,WINTER15,Instagram,1640.84
2023-12-18,C13100,Desk,4,294.41,Debit Card,Pending,4,Not Used,Instagram,1177.64
2025-03-01,C70659,Chair,3,501.82,Gift Card,Cancelled,4,FREESHIP,Email,1505.46
2024-06-24,C49838,Printer,2,552.83,Credit Card,Cancelled,3,Not Used,Referral,1105.66
2025-02-16,C11998,Chair,3,498.66,Cash,Cancelled,6,Not Used,Email,1495.98
2024-08-23,C23405,Phone,4,695.1,Debit Card,Returned,8,Not Used,Email,2780.4
2023-04-03,C41132,Chair,1,381.61,Debit Card,Pending,5,Not Used,Email,381.61
2023-02-16,C88463,Desk,5,507.94,Online,Cancelled,9,Not Used,Facebook,2539.7
2025-05-12,C28152,Desk,3,571.53,Debit Card,Delivered,6,FREESHIP,Facebook,1714.59
2024-10-03,C36383,Monitor,5,421.44,Cash,Pending,5,SAVE10,Instagram,2107.2
2025-01-02,C19759,Chair,2,588.3,Online,Pending,2,FREESHIP,Email,1176.6
2024-06-25,C54886,Phone,1,355.15,Cash,Returned,2,SAVE10,Email,355.15
2024-07-25,C27305,Chair,2,695.29,Credit Card,Pending,6,FREESHIP,Instagram,1390.58
2023-02-20,C17921,Desk,4,302.65,Credit Card,Cancelled,8,SAVE10,Referral,1210.6
2023-01-29,C94381,Chair,2,608.04,Cash,Cancelled,4,Not Used,Google,1216.08
2023-11-09,C25162,Tablet,2,344.18,Credit Card,Shipped,7,Not Used,Referral,688.36
2024-12-16,C98317,Monitor,4,696.71,Debit Card,Shipped,4,Not Used,Instagram,2786.84
2025-06-11,C53631,Monitor,3,198.63,Cash,Pending,8,SAVE10,Instagram,595.89
2023-08-13,C41478,Printer,4,534.57,Credit Card,Delivered,6,FREESHIP,Facebook,2138.28
2023-07-19,C20512,Laptop,4,690.78,Credit Card,Shipped,9,Not Used,Referral,2763.12
2024-05-29,C25841,Monitor,3,301.55,Debit Card,Delivered,5,FREESHIP,Google,904.65
2023-04-20,C82781,Monitor,4,27.42,Debit Card,Pending,4,SAVE10,Referral,109.68
2024-02-23,C66112,Desk,4,466.7,Debit Card,Returned,8,Not Used,Instagram,1866.8
2024-09-04,C40466,Desk,1,541.64,Debit Card,Shipped,5,SAVE10,Email,541.64
2023-10-16,C32570,Phone,1,11.39,Cash,Cancelled,6,WINTER15,Email,11.39
2025-03-11,C29405,Phone,2,224.37,Debit Card,Delivered,3,WINTER15,Referral,448.74
2024-06-11,C30643,Laptop,3,306.29,Credit Card,Returned,7,WINTER15,Instagram,918.87
2024-01-08,C65890,Tablet,5,315.57,Debit Card,Delivered,6,WINTER15,Email,1577.85
2023-07-14,C36992,Chair,3,223.79,Debit Card,Pending,3,Not Used,Google,671.37
2023-07-31,C95568,Chair,3,324.47,Cash,Delivered,4,WINTER15,Email,973.41
2023-10-17,C17966,Printer,2,92.87,Credit Card,Pending,5,FREESHIP,Facebook,185.74
2023-04-08,C89559,Laptop,2,331.42,Credit Card,Delivered,6,WINTER15,Google,662.84
2024-12-23,C15849,Chair,1,525.43,Cash,Cancelled,2,SAVE10,Instagram,525.43
2023-08-03,C94257,Printer,2,697.19,Cash,Returned,7,FREESHIP,Email,1394.38
2023-08-28,C39911,Phone,4,518.4,Credit Card,Delivered,7,SAVE10,Facebook,2073.6
2025-02-04,C28828,Desk,3,131.96,Credit Card,Pending,8,Not Used,Instagram,395.88
2024-10-04,C82921,Monitor,1,208.36,Online,Shipped,4,FREESHIP,Email,208.36
2023-11-27,C50159,Printer,3,222.34,Credit Card,Returned,5,WINTER15,Email,667.02
2024-09-10,C62512,Printer,3,91.74,Debit Card,Returned,8,FREESHIP,Referral,275.22
2023-08-13,C39260,Tablet,2,213.83,Debit Card,Cancelled,2,WINTER15,Email,427.66
2023-04-27,C23917,Printer,1,127.55,Cash,Shipped,3,SAVE10,Referral,127.55
2024-09-08,C65107,Monitor,1,70.24,Credit Card,Cancelled,4,FREESHIP,Google,70.24
2023-01-08,C84630,Laptop,5,518.55,Credit Card,Cancelled,6,WINTER15,Instagram,2592.75
2023-10-31,C42235,Chair,4,298.36,Debit Card,Pending,8,FREESHIP,Google,1193.44
2023-07-27,C70246,Desk,3,158.74,Online,Pending,7,FREESHIP,Instagram,476.22
2025-06-14,C18473,Chair,2,420.29,Gift Card,Returned,3,SAVE10,Google,840.58
2023-04-05,C12607,Desk,1,281.52,Gift Card,Shipped,6,WINTER15,Referral,281.52
2023-09-27,C10222,Laptop,1,204.08,Gift Card,Returned,4,Not Used,Google,204.08
2024-07-08,C77344,Chair,1,343.31,Gift Card,Returned,6,SAVE10,Google,343.31
2023-11-18,C65497,Monitor,1,163.32,Cash,Shipped,6,WINTER15,Facebook,163.32
2024-03-13,C26340,Desk,2,184.6,Gift Card,Delivered,7,WINTER15,Email,369.2
2023-10-07,C75619,Printer,2,371.29,Gift Card,Shipped,5,WINTER15,Facebook,742.58
2024-08-17,C96136,Tablet,5,389.22,Cash,Cancelled,7,Not Used,Referral,1946.1
2025-06-08,C46886,Desk,3,616.39,Credit Card,Shipped,6,FREESHIP,Instagram,1849.17
2025-02-10,C44148,Desk,4,376.43,Gift Card,Pending,5,WINTER15,Instagram,1505.72
2024-02-28,C72007,Chair,3,432.85,Online,Pending,4,Not Used,Instagram,1298.55
2025-06-16,C45104,Tablet,1,687.89,Cash,Returned,1,FREESHIP,Email,687.89
2023-11-19,C29885,Printer,3,189.44,Cash,Pending,4,FREESHIP,Email,568.32
2024-06-20,C21126,Desk,1,107.04,Credit Card,Cancelled,6,FREESHIP,Google,107.04
2024-03-04,C20095,Monitor,2,662.53,Online,Cancelled,5,Not Used,Facebook,1325.06
2023-07-13,C79674,Tablet,2,436.84,Online,Delivered,2,FREESHIP,Instagram,873.68
2024-08-22,C64753,Chair,4,262.52,Debit Card,Cancelled,4,WINTER15,Instagram,1050.08
2023-06-11,C57502,Tablet,4,560.58,Gift Card,Returned,6,SAVE10,Referral,2242.32
